This is pdfTeX, Version 3.141592653-2.6-1.40.28 (MiKTeX 25.12) (preloaded format=pdflatex 2026.3.25)  14 SEP 2026 15:54
entering extended mode
 restricted \write18 enabled.
 file:line:error style messages enabled.
 %&-line parsing enabled.
**./hsmw-vorlage.tex
(hsmw-vorlage.tex
LaTeX2e <2025-11-01>
L3 programming layer <2025-12-24>
(hsmw-class.cls
Document Class: hsmw-class 2015/10/23 (Klaus Dohmen) and 2017 (Roebbe Wuenschie
rs)
hsmw-class.cls:29: Undefined control sequence.
l.29   \ifthenelse
                  {\isundefined{\@hypertext}}{%
The control sequence at the end of the top line
of your error message was never \def'ed. If you have
misspelled it (e.g., `\hobx'), type `I' and the correct
spelling (e.g., `I\hbox'). Otherwise just continue,
and I'll forget about whatever was undefined.

hsmw-class.cls:29: Undefined control sequence.
l.29   \ifthenelse{\isundefined
                               {\@hypertext}}{%
The control sequence at the end of the top line
of your error message was never \def'ed. If you have
misspelled it (e.g., `\hobx'), type `I' and the correct
spelling (e.g., `I\hbox'). Otherwise just continue,
and I'll forget about whatever was undefined.

hsmw-class.cls:29: Undefined control sequence.
l.29   \ifthenelse{\isundefined{\@hypertext
                                           }}{%
The control sequence at the end of the top line
of your error message was never \def'ed. If you have
misspelled it (e.g., `\hobx'), type `I' and the correct
spelling (e.g., `I\hbox'). Otherwise just continue,
and I'll forget about whatever was undefined.

hsmw-class.cls:33: Undefined control sequence.
l.33     \Ifpdfoutput
                     {%
The control sequence at the end of the top line
of your error message was never \def'ed. If you have
misspelled it (e.g., `\hobx'), type `I' and the correct
spelling (e.g., `I\hbox'). Otherwise just continue,
and I'll forget about whatever was undefined.


hsmw-class.cls:34: LaTeX Error: Loading a class or package in a group.

See the LaTeX manual or LaTeX Companion for explanation.
Type  H <return>  for immediate help.
 ...                                              
                                                  
l.34       \RequirePackage
                          [pdftex,colorlinks,linkcolor=linkfarbe,urlcolor=li...

Classes and packages should only be loaded at the top level


(C:\Users\inorpoth\AppData\Local\Programs\MiKTeX\tex/latex/hyperref\hyperref.st
y
Package: hyperref 2025-07-12 v7.01o Hypertext links for LaTeX


C:\Users\inorpoth\AppData\Local\Programs\MiKTeX\tex/latex/hyperref\hyperref.sty
:122: LaTeX Error: Loading a class or package in a group.

See the LaTeX manual or LaTeX Companion for explanation.
Type  H <return>  for immediate help.
 ...                                              
                                                  
l.122 \RequirePackage
                     {iftex}[2019/10/24]
Classes and packages should only be loaded at the top level

(C:\Users\inorpoth\AppData\Local\Programs\MiKTeX\tex/generic/iftex\iftex.sty
Package: iftex 2024/12/12 v1.0g TeX engine tests
)

C:\Users\inorpoth\AppData\Local\Programs\MiKTeX\tex/latex/hyperref\hyperref.sty
:123: LaTeX Error: Loading a class or package in a group.

See the LaTeX manual or LaTeX Companion for explanation.
Type  H <return>  for immediate help.
 ...                                              
                                                  
l.123 \RequirePackage
                     {keyval}[1997/11/10]
Classes and packages should only be loaded at the top level

(C:\Users\inorpoth\AppData\Local\Programs\MiKTeX\tex/latex/graphics\keyval.sty
Package: keyval 2022/05/29 v1.15 key=value parser (DPC)
\KV@toks@=\toks17
)

C:\Users\inorpoth\AppData\Local\Programs\MiKTeX\tex/latex/hyperref\hyperref.sty
:124: LaTeX Error: Loading a class or package in a group.

See the LaTeX manual or LaTeX Companion for explanation.
Type  H <return>  for immediate help.
 ...                                              
                                                  
l.124 \RequirePackage
                     {kvsetkeys}[2007/09/29]
Classes and packages should only be loaded at the top level


(C:\Users\inorpoth\AppData\Local\Programs\MiKTeX\tex/latex/kvsetkeys\kvsetkeys.
sty
Package: kvsetkeys 2022-10-05 v1.19 Key value parser (HO)
)

C:\Users\inorpoth\AppData\Local\Programs\MiKTeX\tex/latex/hyperref\hyperref.sty
:125: LaTeX Error: Loading a class or package in a group.

See the LaTeX manual or LaTeX Companion for explanation.
Type  H <return>  for immediate help.
 ...                                              
                                                  
l.125 \RequirePackage
                     {kvdefinekeys}[2011/04/07]
Classes and packages should only be loaded at the top level


(C:\Users\inorpoth\AppData\Local\Programs\MiKTeX\tex/generic/kvdefinekeys\kvdef
inekeys.sty
Package: kvdefinekeys 2019-12-19 v1.6 Define keys (HO)
)

C:\Users\inorpoth\AppData\Local\Programs\MiKTeX\tex/latex/hyperref\hyperref.sty
:126: LaTeX Error: Loading a class or package in a group.

See the LaTeX manual or LaTeX Companion for explanation.
Type  H <return>  for immediate help.
 ...                                              
                                                  
l.126 \RequirePackage
                     {pdfescape}[2007/11/11]
Classes and packages should only be loaded at the top level


(C:\Users\inorpoth\AppData\Local\Programs\MiKTeX\tex/generic/pdfescape\pdfescap
e.sty
Package: pdfescape 2019/12/09 v1.15 Implements pdfTeX's escape features (HO)


C:\Users\inorpoth\AppData\Local\Programs\MiKTeX\tex/generic/pdfescape\pdfescape
.sty:173: LaTeX Error: Loading a class or package in a group.

See the LaTeX manual or LaTeX Companion for explanation.
Type  H <return>  for immediate help.
 ...                                              
                                                  
l.173   \RequirePackage
                       {ltxcmds}[2010/04/08]%
Classes and packages should only be loaded at the top level


(C:\Users\inorpoth\AppData\Local\Programs\MiKTeX\tex/generic/ltxcmds\ltxcmds.st
y
Package: ltxcmds 2023-12-04 v1.26 LaTeX kernel commands for general use (HO)
)

C:\Users\inorpoth\AppData\Local\Programs\MiKTeX\tex/generic/pdfescape\pdfescape
.sty:491: LaTeX Error: Loading a class or package in a group.

See the LaTeX manual or LaTeX Companion for explanation.
Type  H <return>  for immediate help.
 ...                                              
                                                  
l.491   \RequirePackage
                       {pdftexcmds}[2007/11/11]%
Classes and packages should only be loaded at the top level


(C:\Users\inorpoth\AppData\Local\Programs\MiKTeX\tex/generic/pdftexcmds\pdftexc
mds.sty
Package: pdftexcmds 2020-06-27 v0.33 Utility functions of pdfTeX for LuaTeX (HO
)


C:\Users\inorpoth\AppData\Local\Programs\MiKTeX\tex/generic/pdftexcmds\pdftexcm
ds.sty:184: LaTeX Error: Loading a class or package in a group.

See the LaTeX manual or LaTeX Companion for explanation.
Type  H <return>  for immediate help.
 ...                                              
                                                  
l.184   \RequirePackage
                       {infwarerr}[2007/09/09]%
Classes and packages should only be loaded at the top level


(C:\Users\inorpoth\AppData\Local\Programs\MiKTeX\tex/generic/infwarerr\infwarer
r.sty
Package: infwarerr 2019/12/03 v1.5 Providing info/warning/error messages (HO)
)

C:\Users\inorpoth\AppData\Local\Programs\MiKTeX\tex/generic/pdftexcmds\pdftexcm
ds.sty:185: LaTeX Error: Loading a class or package in a group.

See the LaTeX manual or LaTeX Companion for explanation.
Type  H <return>  for immediate help.
 ...                                              
                                                  
l.185   \RequirePackage
                       {iftex}[2019/11/07]%
Classes and packages should only be loaded at the top level


C:\Users\inorpoth\AppData\Local\Programs\MiKTeX\tex/generic/pdftexcmds\pdftexcm
ds.sty:186: LaTeX Error: Loading a class or package in a group.

See the LaTeX manual or LaTeX Companion for explanation.
Type  H <return>  for immediate help.
 ...                                              
                                                  
l.186   \RequirePackage
                       {ltxcmds}[2010/12/02]%
Classes and packages should only be loaded at the top level

Package pdftexcmds Info: \pdf@primitive is available.
Package pdftexcmds Info: \pdf@ifprimitive is available.
Package pdftexcmds Info: \pdfdraftmode found.
))

C:\Users\inorpoth\AppData\Local\Programs\MiKTeX\tex/latex/hyperref\hyperref.sty
:127: LaTeX Error: Loading a class or package in a group.

See the LaTeX manual or LaTeX Companion for explanation.
Type  H <return>  for immediate help.
 ...                                              
                                                  
l.127 \RequirePackage
                     {hycolor}
Classes and packages should only be loaded at the top level

(C:\Users\inorpoth\AppData\Local\Programs\MiKTeX\tex/latex/hycolor\hycolor.sty
Package: hycolor 2020-01-27 v1.10 Color options for hyperref/bookmark (HO)
)

C:\Users\inorpoth\AppData\Local\Programs\MiKTeX\tex/latex/hyperref\hyperref.sty
:128: LaTeX Error: Loading a class or package in a group.

See the LaTeX manual or LaTeX Companion for explanation.
Type  H <return>  for immediate help.
 ...                                              
                                                  
l.128 \RequirePackage
                     {nameref}[2012/07/28]
Classes and packages should only be loaded at the top level


(C:\Users\inorpoth\AppData\Local\Programs\MiKTeX\tex/latex/hyperref\nameref.sty
Package: nameref 2025-06-21 v2.57 Cross-referencing by name of section

C:\Users\inorpoth\AppData\Local\Programs\MiKTeX\tex/latex/hyperref\nameref.sty:
62: LaTeX Error: Loading a class or package in a group.

See the LaTeX manual or LaTeX Companion for explanation.
Type  H <return>  for immediate help.
 ...                                              
                                                  
l.62 \RequirePackage
                    {refcount}[2006/02/12]
Classes and packages should only be loaded at the top level


(C:\Users\inorpoth\AppData\Local\Programs\MiKTeX\tex/latex/refcount\refcount.st
y
Package: refcount 2019/12/15 v3.6 Data extraction from label references (HO)


C:\Users\inorpoth\AppData\Local\Programs\MiKTeX\tex/latex/refcount\refcount.sty
:155: LaTeX Error: Loading a class or package in a group.

See the LaTeX manual or LaTeX Companion for explanation.
Type  H <return>  for immediate help.
 ...                                              
                                                  
l.155   \RequirePackage
                       {ltxcmds}[2011/11/09]%
Classes and packages should only be loaded at the top level


C:\Users\inorpoth\AppData\Local\Programs\MiKTeX\tex/latex/refcount\refcount.sty
:156: LaTeX Error: Loading a class or package in a group.

See the LaTeX manual or LaTeX Companion for explanation.
Type  H <return>  for immediate help.
 ...                                              
                                                  
l.156   \RequirePackage
                       {infwarerr}[2010/04/08]%
Classes and packages should only be loaded at the top level

)

C:\Users\inorpoth\AppData\Local\Programs\MiKTeX\tex/latex/hyperref\nameref.sty:
63: LaTeX Error: Loading a class or package in a group.

See the LaTeX manual or LaTeX Companion for explanation.
Type  H <return>  for immediate help.
 ...                                              
                                                  
l.63 \RequirePackage
                    {gettitlestring}[2009/12/18]
Classes and packages should only be loaded at the top level


(C:\Users\inorpoth\AppData\Local\Programs\MiKTeX\tex/generic/gettitlestring\get
titlestring.sty
Package: gettitlestring 2019/12/15 v1.6 Cleanup title references (HO)


C:\Users\inorpoth\AppData\Local\Programs\MiKTeX\tex/generic/gettitlestring\gett
itlestring.sty:151: LaTeX Error: Loading a class or package in a group.

See the LaTeX manual or LaTeX Companion for explanation.
Type  H <return>  for immediate help.
 ...                                              
                                                  
l.151 \RequirePackage
                     {kvoptions}[2009/07/17]
Classes and packages should only be loaded at the top level


(C:\Users\inorpoth\AppData\Local\Programs\MiKTeX\tex/latex/kvoptions\kvoptions.
sty
Package: kvoptions 2022-06-15 v3.15 Key value format for package options (HO)


C:\Users\inorpoth\AppData\Local\Programs\MiKTeX\tex/latex/kvoptions\kvoptions.s
ty:166: LaTeX Error: Loading a class or package in a group.

See the LaTeX manual or LaTeX Companion for explanation.
Type  H <return>  for immediate help.
 ...                                              
                                                  
l.166 \RequirePackage
                     {ltxcmds}[2010/12/02]
Classes and packages should only be loaded at the top level


C:\Users\inorpoth\AppData\Local\Programs\MiKTeX\tex/latex/kvoptions\kvoptions.s
ty:167: LaTeX Error: Loading a class or package in a group.

See the LaTeX manual or LaTeX Companion for explanation.
Type  H <return>  for immediate help.
 ...                                              
                                                  
l.167 \RequirePackage
                     {kvsetkeys}[2007/09/29]
Classes and packages should only be loaded at the top level

))
\c@section@level=\count275
)

C:\Users\inorpoth\AppData\Local\Programs\MiKTeX\tex/latex/hyperref\hyperref.sty
:129: LaTeX Error: Loading a class or package in a group.

See the LaTeX manual or LaTeX Companion for explanation.
Type  H <return>  for immediate help.
 ...                                              
                                                  
l.129 \RequirePackage
                     {etoolbox}
Classes and packages should only be loaded at the top level


(C:\Users\inorpoth\AppData\Local\Programs\MiKTeX\tex/latex/etoolbox\etoolbox.st
y
Package: etoolbox 2025/10/02 v2.5m e-TeX tools for LaTeX (JAW)
\etb@tempcnta=\count276
)

C:\Users\inorpoth\AppData\Local\Programs\MiKTeX\tex/latex/hyperref\hyperref.sty
:130: LaTeX Error: Loading a class or package in a group.

See the LaTeX manual or LaTeX Companion for explanation.
Type  H <return>  for immediate help.
 ...                                              
                                                  
l.130 \RequirePackage
                     {stringenc}[2009/12/15]%
Classes and packages should only be loaded at the top level


(C:\Users\inorpoth\AppData\Local\Programs\MiKTeX\tex/generic/stringenc\stringen
c.sty
Package: stringenc 2019/11/29 v1.12 Convert strings between diff. encodings (HO
)


C:\Users\inorpoth\AppData\Local\Programs\MiKTeX\tex/generic/stringenc\stringenc
.sty:183: LaTeX Error: Loading a class or package in a group.

See the LaTeX manual or LaTeX Companion for explanation.
Type  H <return>  for immediate help.
 ...                                              
                                                  
l.183   \RequirePackage
                       {infwarerr}[2007/09/09]%
Classes and packages should only be loaded at the top level


C:\Users\inorpoth\AppData\Local\Programs\MiKTeX\tex/generic/stringenc\stringenc
.sty:184: LaTeX Error: Loading a class or package in a group.

See the LaTeX manual or LaTeX Companion for explanation.
Type  H <return>  for immediate help.
 ...                                              
                                                  
l.184   \RequirePackage
                       {ltxcmds}[2010/03/01]%
Classes and packages should only be loaded at the top level


C:\Users\inorpoth\AppData\Local\Programs\MiKTeX\tex/generic/stringenc\stringenc
.sty:185: LaTeX Error: Loading a class or package in a group.

See the LaTeX manual or LaTeX Companion for explanation.
Type  H <return>  for immediate help.
 ...                                              
                                                  
l.185   \RequirePackage
                       {pdfescape}[2010/03/01]%
Classes and packages should only be loaded at the top level

)

C:\Users\inorpoth\AppData\Local\Programs\MiKTeX\tex/latex/hyperref\hyperref.sty
:253: LaTeX Error: Loading a class or package in a group.

See the LaTeX manual or LaTeX Companion for explanation.
Type  H <return>  for immediate help.
 ...                                              
                                                  
l.253 \RequirePackage
                     {kvoptions}[2009/07/21]
Classes and packages should only be loaded at the top level

\@linkdim=\dimen148
\Hy@linkcounter=\count277
\Hy@pagecounter=\count278
(C:\Users\inorpoth\AppData\Local\Programs\MiKTeX\tex/latex/hyperref\pd1enc.def
File: pd1enc.def 2025-07-12 v7.01o Hyperref: PDFDocEncoding definition (HO)
Now handling font encoding PD1 ...
... no UTF-8 mapping file for font encoding PD1
)

C:\Users\inorpoth\AppData\Local\Programs\MiKTeX\tex/latex/hyperref\hyperref.sty
:812: LaTeX Error: Loading a class or package in a group.

See the LaTeX manual or LaTeX Companion for explanation.
Type  H <return>  for immediate help.
 ...                                              
                                                  
l.812 \RequirePackage
                     {intcalc}[2007/09/27]
Classes and packages should only be loaded at the top level


(C:\Users\inorpoth\AppData\Local\Programs\MiKTeX\tex/generic/intcalc\intcalc.st
y
Package: intcalc 2019/12/15 v1.3 Expandable calculations with integers (HO)
)
\Hy@SavedSpaceFactor=\count279


C:\Users\inorpoth\AppData\Local\Programs\MiKTeX\tex/latex/hyperref\hyperref.sty
:2099: LaTeX socket Error: Sockets can only be declared at top-level!

For immediate help type H <return>.
 ...                                              
                                                  
l.2099  {\providecommand\UseSocket[2]{#2}}
                                          

It is not allowed to declare sockets inside a group. Move the declaration to
the top-level.


(C:\Users\inorpoth\AppData\Local\Programs\MiKTeX\tex/latex/hyperref\puenc.def
File: puenc.def 2025-07-12 v7.01o Hyperref: PDF Unicode definition (HO)
Now handling font encoding PU ...
... no UTF-8 mapping file for font encoding PU
)
Package hyperref Info: Option `colorlinks' set `true' on input line 4066.
Package hyperref Info: Option `breaklinks' set `true' on input line 4066.
Package hyperref Info: Option `bookmarksnumbered' set `true' on input line 4066
.
Package hyperref Info: Hyper figures OFF on input line 4195.
Package hyperref Info: Link nesting OFF on input line 4200.
Package hyperref Info: Hyper index ON on input line 4203.
Package hyperref Info: Plain pages OFF on input line 4210.
Package hyperref Info: Backreferencing OFF on input line 4215.
Package hyperref Info: Implicit mode ON; LaTeX internals redefined.
Package hyperref Info: Bookmarks ON on input line 4462.
\c@Hy@tempcnt=\count280


C:\Users\inorpoth\AppData\Local\Programs\MiKTeX\tex/latex/hyperref\hyperref.sty
:4796: LaTeX Error: Loading a class or package in a group.

See the LaTeX manual or LaTeX Companion for explanation.
Type  H <return>  for immediate help.
 ...                                              
                                                  
l.4796 \RequirePackage
                      {url}
Classes and packages should only be loaded at the top level

(C:\Users\inorpoth\AppData\Local\Programs\MiKTeX\tex/latex/url\url.sty
\Urlmuskip=\muskip17
Package: url 2013/09/16  ver 3.4  Verb mode for urls, etc.
)
LaTeX Info: Redefining \url on input line 4801.
\XeTeXLinkMargin=\dimen149


C:\Users\inorpoth\AppData\Local\Programs\MiKTeX\tex/latex/hyperref\hyperref.sty
:5223: LaTeX Error: Loading a class or package in a group.

See the LaTeX manual or LaTeX Companion for explanation.
Type  H <return>  for immediate help.
 ...                                              
                                                  
l.5223 \RequirePackage
                      {bitset}
Classes and packages should only be loaded at the top level

(C:\Users\inorpoth\AppData\Local\Programs\MiKTeX\tex/generic/bitset\bitset.sty
Package: bitset 2019/12/09 v1.3 Handle bit-vector datatype (HO)


C:\Users\inorpoth\AppData\Local\Programs\MiKTeX\tex/generic/bitset\bitset.sty:1
78: LaTeX Error: Loading a class or package in a group.

See the LaTeX manual or LaTeX Companion for explanation.
Type  H <return>  for immediate help.
 ...                                              
                                                  
l.178   \RequirePackage
                       {infwarerr}[2007/09/09]%
Classes and packages should only be loaded at the top level


C:\Users\inorpoth\AppData\Local\Programs\MiKTeX\tex/generic/bitset\bitset.sty:1
79: LaTeX Error: Loading a class or package in a group.

See the LaTeX manual or LaTeX Companion for explanation.
Type  H <return>  for immediate help.
 ...                                              
                                                  
l.179   \RequirePackage
                       {intcalc}[2007/09/27]%
Classes and packages should only be loaded at the top level


C:\Users\inorpoth\AppData\Local\Programs\MiKTeX\tex/generic/bitset\bitset.sty:1
80: LaTeX Error: Loading a class or package in a group.

See the LaTeX manual or LaTeX Companion for explanation.
Type  H <return>  for immediate help.
 ...                                              
                                                  
l.180   \RequirePackage
                       {bigintcalc}[2007/09/27]%
Classes and packages should only be loaded at the top level


(C:\Users\inorpoth\AppData\Local\Programs\MiKTeX\tex/generic/bigintcalc\bigintc
alc.sty
Package: bigintcalc 2019/12/15 v1.5 Expandable calculations on big integers (HO
)


C:\Users\inorpoth\AppData\Local\Programs\MiKTeX\tex/generic/bigintcalc\bigintca
lc.sty:191: LaTeX Error: Loading a class or package in a group.

See the LaTeX manual or LaTeX Companion for explanation.
Type  H <return>  for immediate help.
 ...                                              
                                                  
l.191   \RequirePackage
                       {pdftexcmds}[2007/11/11]%
Classes and packages should only be loaded at the top level

))
\Fld@menulength=\count281
\Field@Width=\dimen150
\Fld@charsize=\dimen151
Package hyperref Info: Hyper figures OFF on input line 6078.
Package hyperref Info: Link nesting OFF on input line 6083.
Package hyperref Info: Hyper index ON on input line 6086.
Package hyperref Info: backreferencing OFF on input line 6093.
Package hyperref Info: Link coloring ON on input line 6096.
Package hyperref Info: Link coloring with OCG OFF on input line 6103.
Package hyperref Info: PDF/A mode OFF on input line 6108.


Package hyperref Warning: Option `pdfpagelabels' is turned off
(hyperref)                because \thepage is undefined.

\c@Item=\count282
\c@Hfootnote=\count283
)
Package hyperref Info: Driver: hpdftex.

(C:\Users\inorpoth\AppData\Local\Programs\MiKTeX\tex/latex/hyperref\hpdftex.def
File: hpdftex.def 2025-07-12 v7.01o Hyperref driver for pdfTeX
\Fld@listcount=\count284
\c@bookmark@seq@number=\count285

C:\Users\inorpoth\AppData\Local\Programs\MiKTeX\tex/latex/hyperref\hpdftex.def:
1754: LaTeX Error: Loading a class or package in a group.

See the LaTeX manual or LaTeX Companion for explanation.
Type  H <return>  for immediate help.
 ...                                              
                                                  
l.1754 \RequirePackage
                      {rerunfilecheck}[2009/12/10]
Classes and packages should only be loaded at the top level


(C:\Users\inorpoth\AppData\Local\Programs\MiKTeX\tex/latex/rerunfilecheck\rerun
filecheck.sty
Package: rerunfilecheck 2025-06-21 v1.11 Rerun checks for auxiliary files (HO)


C:\Users\inorpoth\AppData\Local\Programs\MiKTeX\tex/latex/rerunfilecheck\rerunf
ilecheck.sty:90: LaTeX Error: Loading a class or package in a group.

See the LaTeX manual or LaTeX Companion for explanation.
Type  H <return>  for immediate help.
 ...                                              
                                                  
l.90 \RequirePackage
                    {kvoptions}[2010/02/22]
Classes and packages should only be loaded at the top level


C:\Users\inorpoth\AppData\Local\Programs\MiKTeX\tex/latex/rerunfilecheck\rerunf
ilecheck.sty:120: LaTeX Error: Loading a class or package in a group.

See the LaTeX manual or LaTeX Companion for explanation.
Type  H <return>  for immediate help.
 ...                                              
                                                  
l.120 \RequirePackage
                     {infwarerr}[2007/09/09]
Classes and packages should only be loaded at the top level


C:\Users\inorpoth\AppData\Local\Programs\MiKTeX\tex/latex/rerunfilecheck\rerunf
ilecheck.sty:121: LaTeX Error: Loading a class or package in a group.

See the LaTeX manual or LaTeX Companion for explanation.
Type  H <return>  for immediate help.
 ...                                              
                                                  
l.121 \RequirePackage
                     {pdftexcmds}[2009/04/10]
Classes and packages should only be loaded at the top level


C:\Users\inorpoth\AppData\Local\Programs\MiKTeX\tex/latex/rerunfilecheck\rerunf
ilecheck.sty:269: LaTeX Error: Loading a class or package in a group.

See the LaTeX manual or LaTeX Companion for explanation.
Type  H <return>  for immediate help.
 ...                                              
                                                  
l.269 \RequirePackage
                     {uniquecounter}[2009/12/18]
Classes and packages should only be loaded at the top level


(C:\Users\inorpoth\AppData\Local\Programs\MiKTeX\tex/generic/uniquecounter\uniq
uecounter.sty
Package: uniquecounter 2019/12/15 v1.4 Provide unlimited unique counter (HO)


C:\Users\inorpoth\AppData\Local\Programs\MiKTeX\tex/generic/uniquecounter\uniqu
ecounter.sty:165: LaTeX Error: Loading a class or package in a group.

See the LaTeX manual or LaTeX Companion for explanation.
Type  H <return>  for immediate help.
 ...                                              
                                                  
l.165   \RequirePackage
                       {bigintcalc}[2007/11/11]%
Classes and packages should only be loaded at the top level


C:\Users\inorpoth\AppData\Local\Programs\MiKTeX\tex/generic/uniquecounter\uniqu
ecounter.sty:166: LaTeX Error: Loading a class or package in a group.

See the LaTeX manual or LaTeX Companion for explanation.
Type  H <return>  for immediate help.
 ...                                              
                                                  
l.166   \RequirePackage
                       {infwarerr}[2007/09/09]%
Classes and packages should only be loaded at the top level

)
Package uniquecounter Info: New unique counter `rerunfilecheck' on input line 2
84.
)
\Hy@SectionHShift=\skip49
)

hsmw-class.cls:36: LaTeX Error: Loading a class or package in a group.

See the LaTeX manual or LaTeX Companion for explanation.
Type  H <return>  for immediate help.
 ...                                              
                                                  
l.36       \RequirePackage
                          [dvips,colorlinks,linkcolor=linkfarbe,urlcolor=lin...

Classes and packages should only be loaded at the top level


hsmw-class.cls:37: LaTeX Error: Option clash for package hyperref.

See the LaTeX manual or LaTeX Companion for explanation.
Type  H <return>  for immediate help.
 ...                                              
                                                  
l.37     }
          %
The package hyperref has already been loaded with options:
  [pdftex,colorlinks,linkcolor=linkfarbe,urlcolor=linkfarbe,anchorcolor=linkfar
be,citecolor=linkfarbe,breaklinks,bookmarksnumbered]
There has now been an attempt to load it with options
  [dvips,colorlinks,linkcolor=linkfarbe,urlcolor=linkfarbe,anchorcolor=linkfarb
e,citecolor=linkfarbe,bookmarksnumbered]
Adding the global options:
  pdftex,colorlinks,linkcolor=linkfarbe,urlcolor=linkfarbe,anchorcolor=linkfarb
e,citecolor=linkfarbe,breaklinks,bookmarksnumbered,dvips,colorlinks,linkcolor=l
inkfarbe,urlcolor=linkfarbe,anchorcolor=linkfarbe,citecolor=linkfarbe,bookmarks
numbered
to your \documentclass declaration may fix this.
Try typing  <return>  to proceed.


hsmw-class.cls:38: LaTeX Error: Loading a class or package in a group.

See the LaTeX manual or LaTeX Companion for explanation.
Type  H <return>  for immediate help.
 ...                                              
                                                  
l.38     \RequirePackage
                        [figure,table]{hypcap}%
Classes and packages should only be loaded at the top level

(C:\Users\inorpoth\AppData\Local\Programs\MiKTeX\tex/latex/hypcap\hypcap.sty
Package: hypcap 2024-07-26 v1.13 Adjusting the anchors of captions (HO)


C:\Users\inorpoth\AppData\Local\Programs\MiKTeX\tex/latex/hypcap\hypcap.sty:44:
 Package hypcap Error: You have to load 'hyperref' first.

See the hypcap package documentation for explanation.
Type  H <return>  for immediate help.
 ...                                              
                                                  
l.44 }{}
        
Try typing  <return>  to proceed.
If that doesn't work, type  X <return>  to quit.

)

hsmw-class.cls:39: LaTeX Error: Unknown option `figure' for package `hypcap'.

See the LaTeX manual or LaTeX Companion for explanation.
Type  H <return>  for immediate help.
 ...                                              
                                                  
l.39     \AtBeginDocument
                         {%
The option `figure' was not declared in package `hypcap', perhaps you
misspelled its name. Try typing  <return>  to proceed.


hsmw-class.cls:39: LaTeX Error: Unknown option `table' for package `hypcap'.

See the LaTeX manual or LaTeX Companion for explanation.
Type  H <return>  for immediate help.
 ...                                              
                                                  
l.39     \AtBeginDocument
                         {%
The option `table' was not declared in package `hypcap', perhaps you
misspelled its name. Try typing  <return>  to proceed.

hsmw-class.cls:49: Undefined control sequence.
l.49 \DeclareOptionX
                    {thmcolon}{\def\Trennzeichen{:}}
The control sequence at the end of the top line
of your error message was never \def'ed. If you have
misspelled it (e.g., `\hobx'), type `I' and the correct
spelling (e.g., `I\hbox'). Otherwise just continue,
and I'll forget about whatever was undefined.


hsmw-class.cls:49: LaTeX Error: Missing \begin{document}.

See the LaTeX manual or LaTeX Companion for explanation.
Type  H <return>  for immediate help.
 ...                                              
                                                  
l.49 \DeclareOptionX{t
                      hmcolon}{\def\Trennzeichen{:}}
You're in trouble here.  Try typing  <return>  to proceed.
If that doesn't work, type  X <return>  to quit.

Missing character: There is no t in font nullfont!
Missing character: There is no h in font nullfont!
Missing character: There is no m in font nullfont!
Missing character: There is no c in font nullfont!
Missing character: There is no o in font nullfont!
Missing character: There is no l in font nullfont!
Missing character: There is no o in font nullfont!
Missing character: There is no n in font nullfont!
hsmw-class.cls:50: Undefined control sequence.
l.50 \DeclareOptionX
                    {hypertext}{\def\@hypertext{true}}
The control sequence at the end of the top line
of your error message was never \def'ed. If you have
misspelled it (e.g., `\hobx'), type `I' and the correct
spelling (e.g., `I\hbox'). Otherwise just continue,
and I'll forget about whatever was undefined.

Missing character: There is no h in font nullfont!
Missing character: There is no y in font nullfont!
Missing character: There is no p in font nullfont!
Missing character: There is no e in font nullfont!
Missing character: There is no r in font nullfont!
Missing character: There is no t in font nullfont!
Missing character: There is no e in font nullfont!
Missing character: There is no x in font nullfont!
Missing character: There is no t in font nullfont!
hsmw-class.cls:51: Undefined control sequence.
l.51 \DeclareOptionX
                    {noseplists}{\setboolean{seplists}{false}}
The control sequence at the end of the top line
of your error message was never \def'ed. If you have
misspelled it (e.g., `\hobx'), type `I' and the correct
spelling (e.g., `I\hbox'). Otherwise just continue,
and I'll forget about whatever was undefined.

Missing character: There is no n in font nullfont!
Missing character: There is no o in font nullfont!
Missing character: There is no s in font nullfont!
Missing character: There is no e in font nullfont!
Missing character: There is no p in font nullfont!
Missing character: There is no l in font nullfont!
Missing character: There is no i in font nullfont!
Missing character: There is no s in font nullfont!
Missing character: There is no t in font nullfont!
Missing character: There is no s in font nullfont!
hsmw-class.cls:51: Undefined control sequence.
l.51 \DeclareOptionX{noseplists}{\setboolean
                                            {seplists}{false}}
The control sequence at the end of the top line
of your error message was never \def'ed. If you have
misspelled it (e.g., `\hobx'), type `I' and the correct
spelling (e.g., `I\hbox'). Otherwise just continue,
and I'll forget about whatever was undefined.

Missing character: There is no s in font nullfont!
Missing character: There is no e in font nullfont!
Missing character: There is no p in font nullfont!
Missing character: There is no l in font nullfont!
Missing character: There is no i in font nullfont!
Missing character: There is no s in font nullfont!
Missing character: There is no t in font nullfont!
Missing character: There is no s in font nullfont!
Missing character: There is no f in font nullfont!
Missing character: There is no a in font nullfont!
Missing character: There is no l in font nullfont!
Missing character: There is no s in font nullfont!
Missing character: There is no e in font nullfont!
hsmw-class.cls:52: Undefined control sequence.
l.52 \DeclareOptionX
                    {tablesfirst}{\def\tablesfirst{true}}
The control sequence at the end of the top line
of your error message was never \def'ed. If you have
misspelled it (e.g., `\hobx'), type `I' and the correct
spelling (e.g., `I\hbox'). Otherwise just continue,
and I'll forget about whatever was undefined.

Missing character: There is no t in font nullfont!
Missing character: There is no a in font nullfont!
Missing character: There is no b in font nullfont!
Missing character: There is no l in font nullfont!
Missing character: There is no e in font nullfont!
Missing character: There is no s in font nullfont!
Missing character: There is no f in font nullfont!
Missing character: There is no i in font nullfont!
Missing character: There is no r in font nullfont!
Missing character: There is no s in font nullfont!
Missing character: There is no t in font nullfont!
hsmw-class.cls:53: Undefined control sequence.
l.53 \DeclareOptionX
                    {sansmath}{\def\@sansmath{true}}
The control sequence at the end of the top line
of your error message was never \def'ed. If you have
misspelled it (e.g., `\hobx'), type `I' and the correct
spelling (e.g., `I\hbox'). Otherwise just continue,
and I'll forget about whatever was undefined.

Missing character: There is no s in font nullfont!
Missing character: There is no a in font nullfont!
Missing character: There is no n in font nullfont!
Missing character: There is no s in font nullfont!
Missing character: There is no m in font nullfont!
Missing character: There is no a in font nullfont!
Missing character: There is no t in font nullfont!
Missing character: There is no h in font nullfont!
hsmw-class.cls:54: Undefined control sequence.
l.54 \DeclareOptionX
                    {minus}{\def\@minussymbol{true}}
The control sequence at the end of the top line
of your error message was never \def'ed. If you have
misspelled it (e.g., `\hobx'), type `I' and the correct
spelling (e.g., `I\hbox'). Otherwise just continue,
and I'll forget about whatever was undefined.

Missing character: There is no m in font nullfont!
Missing character: There is no i in font nullfont!
Missing character: There is no n in font nullfont!
Missing character: There is no u in font nullfont!
Missing character: There is no s in font nullfont!
hsmw-class.cls:55: Undefined control sequence.
l.55 \DeclareOptionX
                    {noromanprefix}{\def\@noromansectionnumbers{true}}
The control sequence at the end of the top line
of your error message was never \def'ed. If you have
misspelled it (e.g., `\hobx'), type `I' and the correct
spelling (e.g., `I\hbox'). Otherwise just continue,
and I'll forget about whatever was undefined.

Missing character: There is no n in font nullfont!
Missing character: There is no o in font nullfont!
Missing character: There is no r in font nullfont!
Missing character: There is no o in font nullfont!
Missing character: There is no m in font nullfont!
Missing character: There is no a in font nullfont!
Missing character: There is no n in font nullfont!
Missing character: There is no p in font nullfont!
Missing character: There is no r in font nullfont!
Missing character: There is no e in font nullfont!
Missing character: There is no f in font nullfont!
Missing character: There is no i in font nullfont!
Missing character: There is no x in font nullfont!
hsmw-class.cls:56: Undefined control sequence.
l.56 \DeclareOptionX
                    {smallromans}[5]{\smallromanstrue\setcounter{firstpage}{...
The control sequence at the end of the top line
of your error message was never \def'ed. If you have
misspelled it (e.g., `\hobx'), type `I' and the correct
spelling (e.g., `I\hbox'). Otherwise just continue,
and I'll forget about whatever was undefined.

Missing character: There is no s in font nullfont!
Missing character: There is no m in font nullfont!
Missing character: There is no a in font nullfont!
Missing character: There is no l in font nullfont!
Missing character: There is no l in font nullfont!
Missing character: There is no r in font nullfont!
Missing character: There is no o in font nullfont!
Missing character: There is no m in font nullfont!
Missing character: There is no a in font nullfont!
Missing character: There is no n in font nullfont!
Missing character: There is no s in font nullfont!
Missing character: There is no [ in font nullfont!
Missing character: There is no 5 in font nullfont!
Missing character: There is no ] in font nullfont!

hsmw-class.cls:56: LaTeX Error: No counter 'firstpage' defined.

See the LaTeX manual or LaTeX Companion for explanation.
Type  H <return>  for immediate help.
 ...                                              
                                                  
l.56 ...\smallromanstrue\setcounter{firstpage}{#1}
                                                  }
Your command was ignored.
Type  I <command> <return>  to replace it with another command,
or  <return>  to continue without it.

hsmw-class.cls:57: Undefined control sequence.
l.57 \DeclareOptionX
                    {draft}{\drafttrue\def\@skiptheme{true}}
The control sequence at the end of the top line
of your error message was never \def'ed. If you have
misspelled it (e.g., `\hobx'), type `I' and the correct
spelling (e.g., `I\hbox'). Otherwise just continue,
and I'll forget about whatever was undefined.

Missing character: There is no d in font nullfont!
Missing character: There is no r in font nullfont!
Missing character: There is no a in font nullfont!
Missing character: There is no f in font nullfont!
Missing character: There is no t in font nullfont!
hsmw-class.cls:58: Undefined control sequence.
l.58 \DeclareOptionX
                    {classictoc}{\def\@classictoc{true}}
The control sequence at the end of the top line
of your error message was never \def'ed. If you have
misspelled it (e.g., `\hobx'), type `I' and the correct
spelling (e.g., `I\hbox'). Otherwise just continue,
and I'll forget about whatever was undefined.

Missing character: There is no c in font nullfont!
Missing character: There is no l in font nullfont!
Missing character: There is no a in font nullfont!
Missing character: There is no s in font nullfont!
Missing character: There is no s in font nullfont!
Missing character: There is no i in font nullfont!
Missing character: There is no c in font nullfont!
Missing character: There is no t in font nullfont!
Missing character: There is no o in font nullfont!
Missing character: There is no c in font nullfont!
hsmw-class.cls:59: Undefined control sequence.
l.59 \DeclareOptionX
                    {bigheadings}{\def\@bigheadings{true}}
The control sequence at the end of the top line
of your error message was never \def'ed. If you have
misspelled it (e.g., `\hobx'), type `I' and the correct
spelling (e.g., `I\hbox'). Otherwise just continue,
and I'll forget about whatever was undefined.

Missing character: There is no b in font nullfont!
Missing character: There is no i in font nullfont!
Missing character: There is no g in font nullfont!
Missing character: There is no h in font nullfont!
Missing character: There is no e in font nullfont!
Missing character: There is no a in font nullfont!
Missing character: There is no d in font nullfont!
Missing character: There is no i in font nullfont!
Missing character: There is no n in font nullfont!
Missing character: There is no g in font nullfont!
Missing character: There is no s in font nullfont!
hsmw-class.cls:60: Undefined control sequence.
l.60 \DeclareOptionX
                    {smallheadings}{\def\@smallheadings{true}}
The control sequence at the end of the top line
of your error message was never \def'ed. If you have
misspelled it (e.g., `\hobx'), type `I' and the correct
spelling (e.g., `I\hbox'). Otherwise just continue,
and I'll forget about whatever was undefined.

Missing character: There is no s in font nullfont!
Missing character: There is no m in font nullfont!
Missing character: There is no a in font nullfont!
Missing character: There is no l in font nullfont!
Missing character: There is no l in font nullfont!
Missing character: There is no h in font nullfont!
Missing character: There is no e in font nullfont!
Missing character: There is no a in font nullfont!
Missing character: There is no d in font nullfont!
Missing character: There is no i in font nullfont!
Missing character: There is no n in font nullfont!
Missing character: There is no g in font nullfont!
Missing character: There is no s in font nullfont!
hsmw-class.cls:61: Undefined control sequence.
l.61 \DeclareOptionX
                    {counttables}{\def\counttables{true}}
The control sequence at the end of the top line
of your error message was never \def'ed. If you have
misspelled it (e.g., `\hobx'), type `I' and the correct
spelling (e.g., `I\hbox'). Otherwise just continue,
and I'll forget about whatever was undefined.

Missing character: There is no c in font nullfont!
Missing character: There is no o in font nullfont!
Missing character: There is no u in font nullfont!
Missing character: There is no n in font nullfont!
Missing character: There is no t in font nullfont!
Missing character: There is no t in font nullfont!
Missing character: There is no a in font nullfont!
Missing character: There is no b in font nullfont!
Missing character: There is no l in font nullfont!
Missing character: There is no e in font nullfont!
Missing character: There is no s in font nullfont!
hsmw-class.cls:62: Undefined control sequence.
l.62 \DeclareOptionX
                    {texnote}{\def\@texnote{true}}
The control sequence at the end of the top line
of your error message was never \def'ed. If you have
misspelled it (e.g., `\hobx'), type `I' and the correct
spelling (e.g., `I\hbox'). Otherwise just continue,
and I'll forget about whatever was undefined.

Missing character: There is no t in font nullfont!
Missing character: There is no e in font nullfont!
Missing character: There is no x in font nullfont!
Missing character: There is no n in font nullfont!
Missing character: There is no o in font nullfont!
Missing character: There is no t in font nullfont!
Missing character: There is no e in font nullfont!
hsmw-class.cls:63: Undefined control sequence.
l.63 \DeclareOptionX
                    {notables}{\notablestrue\setboolean{seplists}{true}}
The control sequence at the end of the top line
of your error message was never \def'ed. If you have
misspelled it (e.g., `\hobx'), type `I' and the correct
spelling (e.g., `I\hbox'). Otherwise just continue,
and I'll forget about whatever was undefined.

Missing character: There is no n in font nullfont!
Missing character: There is no o in font nullfont!
Missing character: There is no t in font nullfont!
Missing character: There is no a in font nullfont!
Missing character: There is no b in font nullfont!
Missing character: There is no l in font nullfont!
Missing character: There is no e in font nullfont!
Missing character: There is no s in font nullfont!
hsmw-class.cls:63: Undefined control sequence.
l.63 ...OptionX{notables}{\notablestrue\setboolean
                                                  {seplists}{true}}
The control sequence at the end of the top line
of your error message was never \def'ed. If you have
misspelled it (e.g., `\hobx'), type `I' and the correct
spelling (e.g., `I\hbox'). Otherwise just continue,
and I'll forget about whatever was undefined.

Missing character: There is no s in font nullfont!
Missing character: There is no e in font nullfont!
Missing character: There is no p in font nullfont!
Missing character: There is no l in font nullfont!
Missing character: There is no i in font nullfont!
Missing character: There is no s in font nullfont!
Missing character: There is no t in font nullfont!
Missing character: There is no s in font nullfont!
Missing character: There is no t in font nullfont!
Missing character: There is no r in font nullfont!
Missing character: There is no u in font nullfont!
Missing character: There is no e in font nullfont!
hsmw-class.cls:64: Undefined control sequence.
l.64 \DeclareOptionX
                    {nofigures}{\nofigurestrue\setboolean{seplists}{true}}
The control sequence at the end of the top line
of your error message was never \def'ed. If you have
misspelled it (e.g., `\hobx'), type `I' and the correct
spelling (e.g., `I\hbox'). Otherwise just continue,
and I'll forget about whatever was undefined.

Missing character: There is no n in font nullfont!
Missing character: There is no o in font nullfont!
Missing character: There is no f in font nullfont!
Missing character: There is no i in font nullfont!
Missing character: There is no g in font nullfont!
Missing character: There is no u in font nullfont!
Missing character: There is no r in font nullfont!
Missing character: There is no e in font nullfont!
Missing character: There is no s in font nullfont!
hsmw-class.cls:64: Undefined control sequence.
l.64 ...tionX{nofigures}{\nofigurestrue\setboolean
                                                  {seplists}{true}}
The control sequence at the end of the top line
of your error message was never \def'ed. If you have
misspelled it (e.g., `\hobx'), type `I' and the correct
spelling (e.g., `I\hbox'). Otherwise just continue,
and I'll forget about whatever was undefined.

Missing character: There is no s in font nullfont!
Missing character: There is no e in font nullfont!
Missing character: There is no p in font nullfont!
Missing character: There is no l in font nullfont!
Missing character: There is no i in font nullfont!
Missing character: There is no s in font nullfont!
Missing character: There is no t in font nullfont!
Missing character: There is no s in font nullfont!
Missing character: There is no t in font nullfont!
Missing character: There is no r in font nullfont!
Missing character: There is no u in font nullfont!
Missing character: There is no e in font nullfont!
hsmw-class.cls:65: Undefined control sequence.
l.65 \DeclareOptionX
                    {nomenclature}{\nonomenclaturefalse}
The control sequence at the end of the top line
of your error message was never \def'ed. If you have
misspelled it (e.g., `\hobx'), type `I' and the correct
spelling (e.g., `I\hbox'). Otherwise just continue,
and I'll forget about whatever was undefined.

Missing character: There is no n in font nullfont!
Missing character: There is no o in font nullfont!
Missing character: There is no m in font nullfont!
Missing character: There is no e in font nullfont!
Missing character: There is no n in font nullfont!
Missing character: There is no c in font nullfont!
Missing character: There is no l in font nullfont!
Missing character: There is no a in font nullfont!
Missing character: There is no t in font nullfont!
Missing character: There is no u in font nullfont!
Missing character: There is no r in font nullfont!
Missing character: There is no e in font nullfont!
hsmw-class.cls:66: Undefined control sequence.
l.66 \DeclareOptionX
                    {index}{\noindexfalse}
The control sequence at the end of the top line
of your error message was never \def'ed. If you have
misspelled it (e.g., `\hobx'), type `I' and the correct
spelling (e.g., `I\hbox'). Otherwise just continue,
and I'll forget about whatever was undefined.

Missing character: There is no i in font nullfont!
Missing character: There is no n in font nullfont!
Missing character: There is no d in font nullfont!
Missing character: There is no e in font nullfont!
Missing character: There is no x in font nullfont!
hsmw-class.cls:67: Undefined control sequence.
l.67 \DeclareOptionX
                    {glossary}{\noglossaryfalse}
The control sequence at the end of the top line
of your error message was never \def'ed. If you have
misspelled it (e.g., `\hobx'), type `I' and the correct
spelling (e.g., `I\hbox'). Otherwise just continue,
and I'll forget about whatever was undefined.

Missing character: There is no g in font nullfont!
Missing character: There is no l in font nullfont!
Missing character: There is no o in font nullfont!
Missing character: There is no s in font nullfont!
Missing character: There is no s in font nullfont!
Missing character: There is no a in font nullfont!
Missing character: There is no r in font nullfont!
Missing character: There is no y in font nullfont!
hsmw-class.cls:68: Undefined control sequence.
l.68 \DeclareOptionX
                    {norefpage}{\def\@norefpage{true}}
The control sequence at the end of the top line
of your error message was never \def'ed. If you have
misspelled it (e.g., `\hobx'), type `I' and the correct
spelling (e.g., `I\hbox'). Otherwise just continue,
and I'll forget about whatever was undefined.

Missing character: There is no n in font nullfont!
Missing character: There is no o in font nullfont!
Missing character: There is no r in font nullfont!
Missing character: There is no e in font nullfont!
Missing character: There is no f in font nullfont!
Missing character: There is no p in font nullfont!
Missing character: There is no a in font nullfont!
Missing character: There is no g in font nullfont!
Missing character: There is no e in font nullfont!
hsmw-class.cls:69: Undefined control sequence.
l.69 \DeclareOptionX
                    {oneside}{\onesidetrue}
The control sequence at the end of the top line
of your error message was never \def'ed. If you have
misspelled it (e.g., `\hobx'), type `I' and the correct
spelling (e.g., `I\hbox'). Otherwise just continue,
and I'll forget about whatever was undefined.

Missing character: There is no o in font nullfont!
Missing character: There is no n in font nullfont!
Missing character: There is no e in font nullfont!
Missing character: There is no s in font nullfont!
Missing character: There is no i in font nullfont!
Missing character: There is no d in font nullfont!
Missing character: There is no e in font nullfont!
hsmw-class.cls:70: Undefined control sequence.
l.70 \DeclareOptionX
                    {Eid}{\Eidtrue}
The control sequence at the end of the top line
of your error message was never \def'ed. If you have
misspelled it (e.g., `\hobx'), type `I' and the correct
spelling (e.g., `I\hbox'). Otherwise just continue,
and I'll forget about whatever was undefined.

Missing character: There is no E in font nullfont!
Missing character: There is no i in font nullfont!
Missing character: There is no d in font nullfont!
hsmw-class.cls:71: Undefined control sequence.
l.71 \DeclareOptionX
                    {150}{\jubilogotrue}
The control sequence at the end of the top line
of your error message was never \def'ed. If you have
misspelled it (e.g., `\hobx'), type `I' and the correct
spelling (e.g., `I\hbox'). Otherwise just continue,
and I'll forget about whatever was undefined.

Missing character: There is no 1 in font nullfont!
Missing character: There is no 5 in font nullfont!
Missing character: There is no 0 in font nullfont!
hsmw-class.cls:71: Undefined control sequence.
l.71 \DeclareOptionX{150}{\jubilogotrue
                                       }
The control sequence at the end of the top line
of your error message was never \def'ed. If you have
misspelled it (e.g., `\hobx'), type `I' and the correct
spelling (e.g., `I\hbox'). Otherwise just continue,
and I'll forget about whatever was undefined.

hsmw-class.cls:72: Undefined control sequence.
l.72 \DeclareOptionX
                    *{\PassOptionsToClass{\CurrentOption}{scrbook}}
The control sequence at the end of the top line
of your error message was never \def'ed. If you have
misspelled it (e.g., `\hobx'), type `I' and the correct
spelling (e.g., `I\hbox'). Otherwise just continue,
and I'll forget about whatever was undefined.

Missing character: There is no * in font nullfont!
hsmw-class.cls:73: Undefined control sequence.
l.73 \ProcessOptionsX
                     \relax
The control sequence at the end of the top line
of your error message was never \def'ed. If you have
misspelled it (e.g., `\hobx'), type `I' and the correct
spelling (e.g., `I\hbox'). Otherwise just continue,
and I'll forget about whatever was undefined.


Overfull \hbox (20.0pt too wide) in paragraph at lines 49--74
[]
 []


(C:\Users\inorpoth\AppData\Local\Programs\MiKTeX\tex/latex/koma-script\scrbook.
cls
Document Class: scrbook 2026/02/02 v3.49.2 KOMA-Script document class (book)

(C:\Users\inorpoth\AppData\Local\Programs\MiKTeX\tex/latex/koma-script\scrkbase
.sty
Package: scrkbase 2026/02/02 v3.49.2 KOMA-Script package (KOMA-Script-dependent
 basics and keyval usage)

(C:\Users\inorpoth\AppData\Local\Programs\MiKTeX\tex/latex/koma-script\scrbase.
sty
Package: scrbase 2026/02/02 v3.49.2 KOMA-Script package (KOMA-Script-independen
t basics and keyval usage)

(C:\Users\inorpoth\AppData\Local\Programs\MiKTeX\tex/latex/koma-script\scrlfile
.sty
Package: scrlfile 2026/02/02 v3.49.2 KOMA-Script package (file load hooks)

(C:\Users\inorpoth\AppData\Local\Programs\MiKTeX\tex/latex/koma-script\scrlfile
-hook.sty
Package: scrlfile-hook 2026/02/02 v3.49.2 KOMA-Script package (using LaTeX hook
s)

(C:\Users\inorpoth\AppData\Local\Programs\MiKTeX\tex/latex/koma-script\scrlogo.
sty
Package: scrlogo 2026/02/02 v3.49.2 KOMA-Script package (logo)
)))
Applying: [2021/05/01] Usage of raw or classic option list on input line 254.
Already applied: [0000/00/00] Usage of raw or classic option list on input line
 370.

C:\Users\inorpoth\AppData\Local\Programs\MiKTeX\tex/latex/koma-script\scrbase.s
ty:609: Undefined control sequence.
<argument> \define@key 
                       {KOMA.scrbase.sty}{internalonly}[{\relax }]{\def \Fam...
l.609 }
       
The control sequence at the end of the top line
of your error message was never \def'ed. If you have
misspelled it (e.g., `\hobx'), type `I' and the correct
spelling (e.g., `I\hbox'). Otherwise just continue,
and I'll forget about whatever was undefined.


C:\Users\inorpoth\AppData\Local\Programs\MiKTeX\tex/latex/koma-script\scrbase.s
ty:609: LaTeX Error: Missing \begin{document}.

See the LaTeX manual or LaTeX Companion for explanation.
Type  H <return>  for immediate help.
 ...                                              
                                                  
l.609 }
       
You're in trouble here.  Try typing  <return>  to proceed.
If that doesn't work, type  X <return>  to quit.

Missing character: There is no K in font nullfont!
Missing character: There is no O in font nullfont!
Missing character: There is no M in font nullfont!
Missing character: There is no A in font nullfont!
Missing character: There is no . in font nullfont!
Missing character: There is no s in font nullfont!
Missing character: There is no c in font nullfont!
Missing character: There is no r in font nullfont!
Missing character: There is no b in font nullfont!
Missing character: There is no a in font nullfont!
Missing character: There is no s in font nullfont!
Missing character: There is no e in font nullfont!
Missing character: There is no . in font nullfont!
Missing character: There is no s in font nullfont!
Missing character: There is no t in font nullfont!
Missing character: There is no y in font nullfont!
Missing character: There is no i in font nullfont!
Missing character: There is no n in font nullfont!
Missing character: There is no t in font nullfont!
Missing character: There is no e in font nullfont!
Missing character: There is no r in font nullfont!
Missing character: There is no n in font nullfont!
Missing character: There is no a in font nullfont!
Missing character: There is no l in font nullfont!
Missing character: There is no o in font nullfont!
Missing character: There is no n in font nullfont!
Missing character: There is no l in font nullfont!
Missing character: There is no y in font nullfont!
Missing character: There is no [ in font nullfont!
Missing character: There is no ] in font nullfont!
Package scrbase Info: Ignoring deprecated option `internalonly' on input line 6
09.
))
(C:\Users\inorpoth\AppData\Local\Programs\MiKTeX\tex/latex/koma-script\tocbasic
.sty
Package: tocbasic 2026/02/02 v3.49.2 KOMA-Script package (handling toc-files)
\scr@dte@tocline@numberwidth=\skip50
\scr@dte@tocline@numbox=\box53
)
Package tocbasic Info: omitting babel extension for `toc'
(tocbasic)             because of feature `nobabel' available
(tocbasic)             for `toc' on input line 143.

C:\Users\inorpoth\AppData\Local\Programs\MiKTeX\tex/latex/koma-script\scrbook.c
ls:413: Undefined control sequence.
<argument> \define@key 
                       {KOMA.scrbook.cls}{version}[{last}]{\def \FamilyOfKey...
l.413 }
       
The control sequence at the end of the top line
of your error message was never \def'ed. If you have
misspelled it (e.g., `\hobx'), type `I' and the correct
spelling (e.g., `I\hbox'). Otherwise just continue,
and I'll forget about whatever was undefined.

Missing character: There is no K in font nullfont!
Missing character: There is no O in font nullfont!
Missing character: There is no M in font nullfont!
Missing character: There is no A in font nullfont!
Missing character: There is no . in font nullfont!
Missing character: There is no s in font nullfont!
Missing character: There is no c in font nullfont!
Missing character: There is no r in font nullfont!
Missing character: There is no b in font nullfont!
Missing character: There is no o in font nullfont!
Missing character: There is no o in font nullfont!
Missing character: There is no k in font nullfont!
Missing character: There is no . in font nullfont!
Missing character: There is no c in font nullfont!
Missing character: There is no l in font nullfont!
Missing character: There is no s in font nullfont!
Missing character: There is no v in font nullfont!
Missing character: There is no e in font nullfont!
Missing character: There is no r in font nullfont!
Missing character: There is no s in font nullfont!
Missing character: There is no i in font nullfont!
Missing character: There is no o in font nullfont!
Missing character: There is no n in font nullfont!
Missing character: There is no [ in font nullfont!
Missing character: There is no l in font nullfont!
Missing character: There is no a in font nullfont!
Missing character: There is no s in font nullfont!
Missing character: There is no t in font nullfont!
Missing character: There is no ] in font nullfont!

Class scrbook Warning: You have set option `version' to value `##1', but
(scrbook)              this value of version is not supported.
(scrbook)              Because of this, version was set to `first'.

C:\Users\inorpoth\AppData\Local\Programs\MiKTeX\tex/latex/koma-script\scrbook.c
ls:465: Undefined control sequence.
<argument> \define@key 
                       {KOMA.scrbook.cls}{draft}[{true}]{\def \FamilyOfKey {...
l.465 }
       
The control sequence at the end of the top line
of your error message was never \def'ed. If you have
misspelled it (e.g., `\hobx'), type `I' and the correct
spelling (e.g., `I\hbox'). Otherwise just continue,
and I'll forget about whatever was undefined.

Missing character: There is no K in font nullfont!
Missing character: There is no O in font nullfont!
Missing character: There is no M in font nullfont!
Missing character: There is no A in font nullfont!
Missing character: There is no . in font nullfont!
Missing character: There is no s in font nullfont!
Missing character: There is no c in font nullfont!
Missing character: There is no r in font nullfont!
Missing character: There is no b in font nullfont!
Missing character: There is no o in font nullfont!
Missing character: There is no o in font nullfont!
Missing character: There is no k in font nullfont!
Missing character: There is no . in font nullfont!
Missing character: There is no c in font nullfont!
Missing character: There is no l in font nullfont!
Missing character: There is no s in font nullfont!
Missing character: There is no d in font nullfont!
Missing character: There is no r in font nullfont!
Missing character: There is no a in font nullfont!
Missing character: There is no f in font nullfont!
Missing character: There is no t in font nullfont!
Missing character: There is no [ in font nullfont!
Missing character: There is no t in font nullfont!
Missing character: There is no r in font nullfont!
Missing character: There is no u in font nullfont!
Missing character: There is no e in font nullfont!
Missing character: There is no ] in font nullfont!
C:\Users\inorpoth\AppData\Local\Programs\MiKTeX\tex/latex/koma-script\scrbook.c
ls:465: Illegal parameter number in definition of \reserved@a.
<to be read again> 
                   1
l.465 }
       
You meant to type ## instead of #, right?
Or maybe a } was forgotten somewhere earlier, and things
are all screwed up? I'm going to assume that you meant ##.

C:\Users\inorpoth\AppData\Local\Programs\MiKTeX\tex/latex/koma-script\scrbook.c
ls:465: Illegal parameter number in definition of \reserved@a.
<to be read again> 
                   1
l.465 }
       
You meant to type ## instead of #, right?
Or maybe a } was forgotten somewhere earlier, and things
are all screwed up? I'm going to assume that you meant ##.

C:\Users\inorpoth\AppData\Local\Programs\MiKTeX\tex/latex/koma-script\scrbook.c
ls:465: Illegal parameter number in definition of \reserved@a.
<to be read again> 
                   1
l.465 }
       
You meant to type ## instead of #, right?
Or maybe a } was forgotten somewhere earlier, and things
are all screwed up? I'm going to assume that you meant ##.

C:\Users\inorpoth\AppData\Local\Programs\MiKTeX\tex/latex/koma-script\scrbook.c
ls:465: Illegal parameter number in definition of \reserved@a.
<to be read again> 
                   1
l.465 }
       
You meant to type ## instead of #, right?
Or maybe a } was forgotten somewhere earlier, and things
are all screwed up? I'm going to assume that you meant ##.

C:\Users\inorpoth\AppData\Local\Programs\MiKTeX\tex/latex/koma-script\scrbook.c
ls:465: Illegal parameter number in definition of \reserved@a.
<to be read again> 
                   1
l.465 }
       
You meant to type ## instead of #, right?
Or maybe a } was forgotten somewhere earlier, and things
are all screwed up? I'm going to assume that you meant ##.

C:\Users\inorpoth\AppData\Local\Programs\MiKTeX\tex/latex/koma-script\scrbook.c
ls:465: Illegal parameter number in definition of \reserved@a.
<to be read again> 
                   1
l.465 }
       
You meant to type ## instead of #, right?
Or maybe a } was forgotten somewhere earlier, and things
are all screwed up? I'm going to assume that you meant ##.

C:\Users\inorpoth\AppData\Local\Programs\MiKTeX\tex/latex/koma-script\scrbook.c
ls:465: Illegal parameter number in definition of \reserved@a.
<to be read again> 
                   1
l.465 }
       
You meant to type ## instead of #, right?
Or maybe a } was forgotten somewhere earlier, and things
are all screwed up? I'm going to assume that you meant ##.

C:\Users\inorpoth\AppData\Local\Programs\MiKTeX\tex/latex/koma-script\scrbook.c
ls:490: Undefined control sequence.
<argument> \define@key 
                       {KOMA.scrbook.cls}{overfullrule}[{true}]{\def \Family...
l.490 }
       
The control sequence at the end of the top line
of your error message was never \def'ed. If you have
misspelled it (e.g., `\hobx'), type `I' and the correct
spelling (e.g., `I\hbox'). Otherwise just continue,
and I'll forget about whatever was undefined.

Missing character: There is no K in font nullfont!
Missing character: There is no O in font nullfont!
Missing character: There is no M in font nullfont!
Missing character: There is no A in font nullfont!
Missing character: There is no . in font nullfont!
Missing character: There is no s in font nullfont!
Missing character: There is no c in font nullfont!
Missing character: There is no r in font nullfont!
Missing character: There is no b in font nullfont!
Missing character: There is no o in font nullfont!
Missing character: There is no o in font nullfont!
Missing character: There is no k in font nullfont!
Missing character: There is no . in font nullfont!
Missing character: There is no c in font nullfont!
Missing character: There is no l in font nullfont!
Missing character: There is no s in font nullfont!
Missing character: There is no o in font nullfont!
Missing character: There is no v in font nullfont!
Missing character: There is no e in font nullfont!
Missing character: There is no r in font nullfont!
Missing character: There is no f in font nullfont!
Missing character: There is no u in font nullfont!
Missing character: There is no l in font nullfont!
Missing character: There is no l in font nullfont!
Missing character: There is no r in font nullfont!
Missing character: There is no u in font nullfont!
Missing character: There is no l in font nullfont!
Missing character: There is no e in font nullfont!
Missing character: There is no [ in font nullfont!
Missing character: There is no t in font nullfont!
Missing character: There is no r in font nullfont!
Missing character: There is no u in font nullfont!
Missing character: There is no e in font nullfont!
Missing character: There is no ] in font nullfont!
C:\Users\inorpoth\AppData\Local\Programs\MiKTeX\tex/latex/koma-script\scrbook.c
ls:490: Illegal parameter number in definition of \reserved@a.
<to be read again> 
                   1
l.490 }
       
You meant to type ## instead of #, right?
Or maybe a } was forgotten somewhere earlier, and things
are all screwed up? I'm going to assume that you meant ##.

C:\Users\inorpoth\AppData\Local\Programs\MiKTeX\tex/latex/koma-script\scrbook.c
ls:490: Illegal parameter number in definition of \reserved@a.
<to be read again> 
                   1
l.490 }
       
You meant to type ## instead of #, right?
Or maybe a } was forgotten somewhere earlier, and things
are all screwed up? I'm going to assume that you meant ##.

C:\Users\inorpoth\AppData\Local\Programs\MiKTeX\tex/latex/koma-script\scrbook.c
ls:490: Illegal parameter number in definition of \reserved@a.
<to be read again> 
                   1
l.490 }
       
You meant to type ## instead of #, right?
Or maybe a } was forgotten somewhere earlier, and things
are all screwed up? I'm going to assume that you meant ##.

C:\Users\inorpoth\AppData\Local\Programs\MiKTeX\tex/latex/koma-script\scrbook.c
ls:490: Illegal parameter number in definition of \reserved@a.
<to be read again> 
                   1
l.490 }
       
You meant to type ## instead of #, right?
Or maybe a } was forgotten somewhere earlier, and things
are all screwed up? I'm going to assume that you meant ##.

C:\Users\inorpoth\AppData\Local\Programs\MiKTeX\tex/latex/koma-script\scrbook.c
ls:490: Illegal parameter number in definition of \reserved@a.
<to be read again> 
                   1
l.490 }
       
You meant to type ## instead of #, right?
Or maybe a } was forgotten somewhere earlier, and things
are all screwed up? I'm going to assume that you meant ##.

C:\Users\inorpoth\AppData\Local\Programs\MiKTeX\tex/latex/koma-script\scrbook.c
ls:490: Illegal parameter number in definition of \reserved@a.
<to be read again> 
                   1
l.490 }
       
You meant to type ## instead of #, right?
Or maybe a } was forgotten somewhere earlier, and things
are all screwed up? I'm going to assume that you meant ##.

C:\Users\inorpoth\AppData\Local\Programs\MiKTeX\tex/latex/koma-script\scrbook.c
ls:490: Illegal parameter number in definition of \reserved@a.
<to be read again> 
                   1
l.490 }
       
You meant to type ## instead of #, right?
Or maybe a } was forgotten somewhere earlier, and things
are all screwed up? I'm going to assume that you meant ##.

C:\Users\inorpoth\AppData\Local\Programs\MiKTeX\tex/latex/koma-script\scrbook.c
ls:588: Undefined control sequence.
<argument> \define@key 
                       {KOMA.scrbook.cls}{fontsize}{\def \FamilyOfKey {KOMA}...
l.588 }
       
The control sequence at the end of the top line
of your error message was never \def'ed. If you have
misspelled it (e.g., `\hobx'), type `I' and the correct
spelling (e.g., `I\hbox'). Otherwise just continue,
and I'll forget about whatever was undefined.

Missing character: There is no K in font nullfont!
Missing character: There is no O in font nullfont!
Missing character: There is no M in font nullfont!
Missing character: There is no A in font nullfont!
Missing character: There is no . in font nullfont!
Missing character: There is no s in font nullfont!
Missing character: There is no c in font nullfont!
Missing character: There is no r in font nullfont!
Missing character: There is no b in font nullfont!
Missing character: There is no o in font nullfont!
Missing character: There is no o in font nullfont!
Missing character: There is no k in font nullfont!
Missing character: There is no . in font nullfont!
Missing character: There is no c in font nullfont!
Missing character: There is no l in font nullfont!
Missing character: There is no s in font nullfont!
Missing character: There is no f in font nullfont!
Missing character: There is no o in font nullfont!
Missing character: There is no n in font nullfont!
Missing character: There is no t in font nullfont!
Missing character: There is no s in font nullfont!
Missing character: There is no i in font nullfont!
Missing character: There is no z in font nullfont!
Missing character: There is no e in font nullfont!
C:\Users\inorpoth\AppData\Local\Programs\MiKTeX\tex/latex/koma-script\scrbook.c
ls:588: Missing number, treated as zero.
<to be read again> 
                   ##
l.588 }
       
A number should have been here; I inserted `0'.
(If you can't figure out why I needed to see a number,
look up `weird error' in the index to The TeXbook.)

C:\Users\inorpoth\AppData\Local\Programs\MiKTeX\tex/latex/koma-script\scrbook.c
ls:588: Illegal unit of measure (pt inserted).
<to be read again> 
                   ##
l.588 }
       
Dimensions can be in units of em, ex, in, pt, pc,
cm, mm, dd, cc, nd, nc, bp, or sp; but yours is a new one!
I'll assume that you meant to say pt, for printer's points.
To recover gracefully from this error, it's best to
delete the erroneous units; e.g., type `2' to delete
two letters. (See Chapter 27 of The TeXbook.)

C:\Users\inorpoth\AppData\Local\Programs\MiKTeX\tex/latex/koma-script\scrbook.c
ls:588: Illegal parameter number in definition of \@ptsize.
<to be read again> 
                   1
l.588 }
       
You meant to type ## instead of #, right?
Or maybe a } was forgotten somewhere earlier, and things
are all screwed up? I'm going to assume that you meant ##.

C:\Users\inorpoth\AppData\Local\Programs\MiKTeX\tex/latex/koma-script\scrbook.c
ls:588: Illegal parameter number in definition of \reserved@a.
<to be read again> 
                   1
l.588 }
       
You meant to type ## instead of #, right?
Or maybe a } was forgotten somewhere earlier, and things
are all screwed up? I'm going to assume that you meant ##.

C:\Users\inorpoth\AppData\Local\Programs\MiKTeX\tex/latex/koma-script\scrbook.c
ls:608: Undefined control sequence.
<argument> \define@key 
                       {KOMA.scrbook.cls}{sfdefaults}[{true}]{\def \FamilyOf...
l.608 \KOMA@ifkey{sfdefaults}{@sfdefaults}
                                          
The control sequence at the end of the top line
of your error message was never \def'ed. If you have
misspelled it (e.g., `\hobx'), type `I' and the correct
spelling (e.g., `I\hbox'). Otherwise just continue,
and I'll forget about whatever was undefined.

Missing character: There is no K in font nullfont!
Missing character: There is no O in font nullfont!
Missing character: There is no M in font nullfont!
Missing character: There is no A in font nullfont!
Missing character: There is no . in font nullfont!
Missing character: There is no s in font nullfont!
Missing character: There is no c in font nullfont!
Missing character: There is no r in font nullfont!
Missing character: There is no b in font nullfont!
Missing character: There is no o in font nullfont!
Missing character: There is no o in font nullfont!
Missing character: There is no k in font nullfont!
Missing character: There is no . in font nullfont!
Missing character: There is no c in font nullfont!
Missing character: There is no l in font nullfont!
Missing character: There is no s in font nullfont!
Missing character: There is no s in font nullfont!
Missing character: There is no f in font nullfont!
Missing character: There is no d in font nullfont!
Missing character: There is no e in font nullfont!
Missing character: There is no f in font nullfont!
Missing character: There is no a in font nullfont!
Missing character: There is no u in font nullfont!
Missing character: There is no l in font nullfont!
Missing character: There is no t in font nullfont!
Missing character: There is no s in font nullfont!
Missing character: There is no [ in font nullfont!
Missing character: There is no t in font nullfont!
Missing character: There is no r in font nullfont!
Missing character: There is no u in font nullfont!
Missing character: There is no e in font nullfont!
Missing character: There is no ] in font nullfont!
C:\Users\inorpoth\AppData\Local\Programs\MiKTeX\tex/latex/koma-script\scrbook.c
ls:608: Illegal parameter number in definition of \reserved@a.
<to be read again> 
                   1
l.608 \KOMA@ifkey{sfdefaults}{@sfdefaults}
                                          
You meant to type ## instead of #, right?
Or maybe a } was forgotten somewhere earlier, and things
are all screwed up? I'm going to assume that you meant ##.

C:\Users\inorpoth\AppData\Local\Programs\MiKTeX\tex/latex/koma-script\scrbook.c
ls:608: Illegal parameter number in definition of \reserved@a.
<to be read again> 
                   1
l.608 \KOMA@ifkey{sfdefaults}{@sfdefaults}
                                          
You meant to type ## instead of #, right?
Or maybe a } was forgotten somewhere earlier, and things
are all screwed up? I'm going to assume that you meant ##.

C:\Users\inorpoth\AppData\Local\Programs\MiKTeX\tex/latex/koma-script\scrbook.c
ls:608: Illegal parameter number in definition of \reserved@a.
<to be read again> 
                   1
l.608 \KOMA@ifkey{sfdefaults}{@sfdefaults}
                                          
You meant to type ## instead of #, right?
Or maybe a } was forgotten somewhere earlier, and things
are all screwed up? I'm going to assume that you meant ##.

C:\Users\inorpoth\AppData\Local\Programs\MiKTeX\tex/latex/koma-script\scrbook.c
ls:608: Illegal parameter number in definition of \reserved@a.
<to be read again> 
                   1
l.608 \KOMA@ifkey{sfdefaults}{@sfdefaults}
                                          
You meant to type ## instead of #, right?
Or maybe a } was forgotten somewhere earlier, and things
are all screwed up? I'm going to assume that you meant ##.

C:\Users\inorpoth\AppData\Local\Programs\MiKTeX\tex/latex/koma-script\scrbook.c
ls:608: Illegal parameter number in definition of \reserved@a.
<to be read again> 
                   1
l.608 \KOMA@ifkey{sfdefaults}{@sfdefaults}
                                          
You meant to type ## instead of #, right?
Or maybe a } was forgotten somewhere earlier, and things
are all screwed up? I'm going to assume that you meant ##.

C:\Users\inorpoth\AppData\Local\Programs\MiKTeX\tex/latex/koma-script\scrbook.c
ls:608: Illegal parameter number in definition of \reserved@a.
<to be read again> 
                   1
l.608 \KOMA@ifkey{sfdefaults}{@sfdefaults}
                                          
You meant to type ## instead of #, right?
Or maybe a } was forgotten somewhere earlier, and things
are all screwed up? I'm going to assume that you meant ##.

C:\Users\inorpoth\AppData\Local\Programs\MiKTeX\tex/latex/koma-script\scrbook.c
ls:608: Illegal parameter number in definition of \reserved@a.
<to be read again> 
                   1
l.608 \KOMA@ifkey{sfdefaults}{@sfdefaults}
                                          
You meant to type ## instead of #, right?
Or maybe a } was forgotten somewhere earlier, and things
are all screwed up? I'm going to assume that you meant ##.

C:\Users\inorpoth\AppData\Local\Programs\MiKTeX\tex/latex/koma-script\scrbook.c
ls:652: Undefined control sequence.
<argument> \define@key 
                       {KOMA.scrbook.cls}{egregdoesnotlikesansseriftitles}[{...
l.652 }
       
The control sequence at the end of the top line
of your error message was never \def'ed. If you have
misspelled it (e.g., `\hobx'), type `I' and the correct
spelling (e.g., `I\hbox'). Otherwise just continue,
and I'll forget about whatever was undefined.

Missing character: There is no K in font nullfont!
Missing character: There is no O in font nullfont!
Missing character: There is no M in font nullfont!
Missing character: There is no A in font nullfont!
Missing character: There is no . in font nullfont!
Missing character: There is no s in font nullfont!
Missing character: There is no c in font nullfont!
Missing character: There is no r in font nullfont!
Missing character: There is no b in font nullfont!
Missing character: There is no o in font nullfont!
Missing character: There is no o in font nullfont!
Missing character: There is no k in font nullfont!
Missing character: There is no . in font nullfont!
Missing character: There is no c in font nullfont!
Missing character: There is no l in font nullfont!
Missing character: There is no s in font nullfont!
Missing character: There is no e in font nullfont!
Missing character: There is no g in font nullfont!
Missing character: There is no r in font nullfont!
Missing character: There is no e in font nullfont!
Missing character: There is no g in font nullfont!
Missing character: There is no d in font nullfont!
Missing character: There is no o in font nullfont!
Missing character: There is no e in font nullfont!
Missing character: There is no s in font nullfont!
Missing character: There is no n in font nullfont!
Missing character: There is no o in font nullfont!
Missing character: There is no t in font nullfont!
Missing character: There is no l in font nullfont!
Missing character: There is no i in font nullfont!
Missing character: There is no k in font nullfont!
Missing character: There is no e in font nullfont!
Missing character: There is no s in font nullfont!
Missing character: There is no a in font nullfont!
Missing character: There is no n in font nullfont!
Missing character: There is no s in font nullfont!
Missing character: There is no s in font nullfont!
Missing character: There is no e in font nullfont!
Missing character: There is no r in font nullfont!
Missing character: There is no i in font nullfont!
Missing character: There is no f in font nullfont!
Missing character: There is no t in font nullfont!
Missing character: There is no i in font nullfont!
Missing character: There is no t in font nullfont!
Missing character: There is no l in font nullfont!
Missing character: There is no e in font nullfont!
Missing character: There is no s in font nullfont!
Missing character: There is no [ in font nullfont!
Missing character: There is no t in font nullfont!
Missing character: There is no r in font nullfont!
Missing character: There is no u in font nullfont!
Missing character: There is no e in font nullfont!
Missing character: There is no ] in font nullfont!

Class scrbook Warning: You've used deprecated option `egregdoesnotlikesansserif
titles'.
(scrbook)              In 2016 this option has been implemented as a joke
(scrbook)              answer to egreg's comment:
(scrbook)                ``In my opinion there should be a document class
(scrbook)                option for it, instead of the \setkomafont
(scrbook)                statement. And yes, I find imposing sans serif for
(scrbook)                titles is not the best choice (one of the reasons
(scrbook)                why I don't use Koma-script classes).''
(scrbook)              to question https://tex.stackexchange.com/q/289853
(scrbook)              at TeX.SX.
(scrbook)              The option has never been documented in the official
(scrbook)              user manuals and therefore should never have been
(scrbook)              used in real live documents. It was intended to be
(scrbook)              removed after some month.
(scrbook)              However, it has been used and also almost forgotten
(scrbook)              by the author.
(scrbook)              For this the author apologizes both to users but
(scrbook)              especially to egreg.
(scrbook)              Rightly, egreg has criticized the permanent retention
(scrbook)              of the option as unfunny to inappropriate and has
(scrbook)              asked that it be removed or replaced.
(scrbook)              It will be removed soon!
(scrbook)              You should use `sfdefaults=false` instead.

C:\Users\inorpoth\AppData\Local\Programs\MiKTeX\tex/latex/koma-script\scrbook.c
ls:652: Illegal parameter number in definition of \reserved@a.
<to be read again> 
                   1
l.652 }
       
You meant to type ## instead of #, right?
Or maybe a } was forgotten somewhere earlier, and things
are all screwed up? I'm going to assume that you meant ##.

C:\Users\inorpoth\AppData\Local\Programs\MiKTeX\tex/latex/koma-script\scrbook.c
ls:652: Illegal parameter number in definition of \reserved@a.
<to be read again> 
                   1
l.652 }
       
You meant to type ## instead of #, right?
Or maybe a } was forgotten somewhere earlier, and things
are all screwed up? I'm going to assume that you meant ##.

C:\Users\inorpoth\AppData\Local\Programs\MiKTeX\tex/latex/koma-script\scrbook.c
ls:652: Illegal parameter number in definition of \reserved@a.
<to be read again> 
                   1
l.652 }
       
You meant to type ## instead of #, right?
Or maybe a } was forgotten somewhere earlier, and things
are all screwed up? I'm going to assume that you meant ##.

C:\Users\inorpoth\AppData\Local\Programs\MiKTeX\tex/latex/koma-script\scrbook.c
ls:652: Illegal parameter number in definition of \reserved@a.
<to be read again> 
                   1
l.652 }
       
You meant to type ## instead of #, right?
Or maybe a } was forgotten somewhere earlier, and things
are all screwed up? I'm going to assume that you meant ##.

C:\Users\inorpoth\AppData\Local\Programs\MiKTeX\tex/latex/koma-script\scrbook.c
ls:652: Illegal parameter number in definition of \reserved@a.
<to be read again> 
                   1
l.652 }
       
You meant to type ## instead of #, right?
Or maybe a } was forgotten somewhere earlier, and things
are all screwed up? I'm going to assume that you meant ##.

C:\Users\inorpoth\AppData\Local\Programs\MiKTeX\tex/latex/koma-script\scrbook.c
ls:652: Illegal parameter number in definition of \reserved@a.
<to be read again> 
                   1
l.652 }
       
You meant to type ## instead of #, right?
Or maybe a } was forgotten somewhere earlier, and things
are all screwed up? I'm going to assume that you meant ##.

C:\Users\inorpoth\AppData\Local\Programs\MiKTeX\tex/latex/koma-script\scrbook.c
ls:652: Illegal parameter number in definition of \reserved@a.
<to be read again> 
                   1
l.652 }
       
You meant to type ## instead of #, right?
Or maybe a } was forgotten somewhere earlier, and things
are all screwed up? I'm going to assume that you meant ##.

C:\Users\inorpoth\AppData\Local\Programs\MiKTeX\tex/latex/koma-script\scrbook.c
ls:652: Undefined control sequence.
<argument> ...defaultsfalse \else \@sfdefaulttrue 
                                                  \fi \KOMA@kav@xreplacevalu...
l.652 }
       
The control sequence at the end of the top line
of your error message was never \def'ed. If you have
misspelled it (e.g., `\hobx'), type `I' and the correct
spelling (e.g., `I\hbox'). Otherwise just continue,
and I'll forget about whatever was undefined.

C:\Users\inorpoth\AppData\Local\Programs\MiKTeX\tex/latex/koma-script\scrbook.c
ls:677: Undefined control sequence.
<argument> \define@key 
                       {KOMA.scrbook.cls}{twoside}[{true}]{\def \FamilyOfKey...
l.677 }
       
The control sequence at the end of the top line
of your error message was never \def'ed. If you have
misspelled it (e.g., `\hobx'), type `I' and the correct
spelling (e.g., `I\hbox'). Otherwise just continue,
and I'll forget about whatever was undefined.

Missing character: There is no K in font nullfont!
Missing character: There is no O in font nullfont!
Missing character: There is no M in font nullfont!
Missing character: There is no A in font nullfont!
Missing character: There is no . in font nullfont!
Missing character: There is no s in font nullfont!
Missing character: There is no c in font nullfont!
Missing character: There is no r in font nullfont!
Missing character: There is no b in font nullfont!
Missing character: There is no o in font nullfont!
Missing character: There is no o in font nullfont!
Missing character: There is no k in font nullfont!
Missing character: There is no . in font nullfont!
Missing character: There is no c in font nullfont!
Missing character: There is no l in font nullfont!
Missing character: There is no s in font nullfont!
Missing character: There is no t in font nullfont!
Missing character: There is no w in font nullfont!
Missing character: There is no o in font nullfont!
Missing character: There is no s in font nullfont!
Missing character: There is no i in font nullfont!
Missing character: There is no d in font nullfont!
Missing character: There is no e in font nullfont!
Missing character: There is no [ in font nullfont!
Missing character: There is no t in font nullfont!
Missing character: There is no r in font nullfont!
Missing character: There is no u in font nullfont!
Missing character: There is no e in font nullfont!
Missing character: There is no ] in font nullfont!
C:\Users\inorpoth\AppData\Local\Programs\MiKTeX\tex/latex/koma-script\scrbook.c
ls:677: Illegal parameter number in definition of \opt@typearea.sty.
<to be read again> 
                   1
l.677 }
       
You meant to type ## instead of #, right?
Or maybe a } was forgotten somewhere earlier, and things
are all screwed up? I'm going to assume that you meant ##.

C:\Users\inorpoth\AppData\Local\Programs\MiKTeX\tex/latex/koma-script\scrbook.c
ls:677: Illegal parameter number in definition of \@raw@opt@typearea.sty.
<to be read again> 
                   1
l.677 }
       
You meant to type ## instead of #, right?
Or maybe a } was forgotten somewhere earlier, and things
are all screwed up? I'm going to assume that you meant ##.

C:\Users\inorpoth\AppData\Local\Programs\MiKTeX\tex/latex/koma-script\scrbook.c
ls:677: Illegal parameter number in definition of \reserved@a.
<to be read again> 
                   1
l.677 }
       
You meant to type ## instead of #, right?
Or maybe a } was forgotten somewhere earlier, and things
are all screwed up? I'm going to assume that you meant ##.

C:\Users\inorpoth\AppData\Local\Programs\MiKTeX\tex/latex/koma-script\scrbook.c
ls:677: Illegal parameter number in definition of \reserved@a.
<to be read again> 
                   1
l.677 }
       
You meant to type ## instead of #, right?
Or maybe a } was forgotten somewhere earlier, and things
are all screwed up? I'm going to assume that you meant ##.

C:\Users\inorpoth\AppData\Local\Programs\MiKTeX\tex/latex/koma-script\scrbook.c
ls:677: Illegal parameter number in definition of \reserved@a.
<to be read again> 
                   1
l.677 }
       
You meant to type ## instead of #, right?
Or maybe a } was forgotten somewhere earlier, and things
are all screwed up? I'm going to assume that you meant ##.

C:\Users\inorpoth\AppData\Local\Programs\MiKTeX\tex/latex/koma-script\scrbook.c
ls:677: Illegal parameter number in definition of \reserved@a.
<to be read again> 
                   1
l.677 }
       
You meant to type ## instead of #, right?
Or maybe a } was forgotten somewhere earlier, and things
are all screwed up? I'm going to assume that you meant ##.

C:\Users\inorpoth\AppData\Local\Programs\MiKTeX\tex/latex/koma-script\scrbook.c
ls:677: Illegal parameter number in definition of \reserved@a.
<to be read again> 
                   1
l.677 }
       
You meant to type ## instead of #, right?
Or maybe a } was forgotten somewhere earlier, and things
are all screwed up? I'm going to assume that you meant ##.

C:\Users\inorpoth\AppData\Local\Programs\MiKTeX\tex/latex/koma-script\scrbook.c
ls:677: Illegal parameter number in definition of \reserved@a.
<to be read again> 
                   1
l.677 }
       
You meant to type ## instead of #, right?
Or maybe a } was forgotten somewhere earlier, and things
are all screwed up? I'm going to assume that you meant ##.

C:\Users\inorpoth\AppData\Local\Programs\MiKTeX\tex/latex/koma-script\scrbook.c
ls:677: Illegal parameter number in definition of \reserved@a.
<to be read again> 
                   1
l.677 }
       
You meant to type ## instead of #, right?
Or maybe a } was forgotten somewhere earlier, and things
are all screwed up? I'm going to assume that you meant ##.

C:\Users\inorpoth\AppData\Local\Programs\MiKTeX\tex/latex/koma-script\scrbook.c
ls:677: Illegal parameter number in definition of \reserved@a.
<to be read again> 
                   1
l.677 }
       
You meant to type ## instead of #, right?
Or maybe a } was forgotten somewhere earlier, and things
are all screwed up? I'm going to assume that you meant ##.


C:\Users\inorpoth\AppData\Local\Programs\MiKTeX\tex/latex/koma-script\scrbook.c
ls:678: Package scrbase Error: unknown option `twoside=true'.

See the scrbase package documentation for explanation.
Type  H <return>  for immediate help.
 ...                                              
                                                  
l.678 \KOMAExecuteOptions{twoside=true}
                                       
Member `.scrbook.cls' of family `KOMA'
cannot handle option `twoside'.
So it cannot be set to value `true'.


C:\Users\inorpoth\AppData\Local\Programs\MiKTeX\tex/latex/koma-script\scrbook.c
ls:678: Package scrbase Error: unknown option `twoside=true'.

See the scrbase package documentation for explanation.
Type  H <return>  for immediate help.
 ...                                              
                                                  
l.678 \KOMAExecuteOptions{twoside=true}
                                       
Option `twoside'
cannot handle value
`true',
because \xdef {enablepatch}. 

C:\Users\inorpoth\AppData\Local\Programs\MiKTeX\tex/latex/koma-script\scrbook.c
ls:703: Undefined control sequence.
<argument> \define@key 
                       {KOMA.scrbook.cls}{twocolumn}[{true}]{\def \FamilyOfK...
l.703 }
       
The control sequence at the end of the top line
of your error message was never \def'ed. If you have
misspelled it (e.g., `\hobx'), type `I' and the correct
spelling (e.g., `I\hbox'). Otherwise just continue,
and I'll forget about whatever was undefined.

Missing character: There is no K in font nullfont!
Missing character: There is no O in font nullfont!
Missing character: There is no M in font nullfont!
Missing character: There is no A in font nullfont!
Missing character: There is no . in font nullfont!
Missing character: There is no s in font nullfont!
Missing character: There is no c in font nullfont!
Missing character: There is no r in font nullfont!
Missing character: There is no b in font nullfont!
Missing character: There is no o in font nullfont!
Missing character: There is no o in font nullfont!
Missing character: There is no k in font nullfont!
Missing character: There is no . in font nullfont!
Missing character: There is no c in font nullfont!
Missing character: There is no l in font nullfont!
Missing character: There is no s in font nullfont!
Missing character: There is no t in font nullfont!
Missing character: There is no w in font nullfont!
Missing character: There is no o in font nullfont!
Missing character: There is no c in font nullfont!
Missing character: There is no o in font nullfont!
Missing character: There is no l in font nullfont!
Missing character: There is no u in font nullfont!
Missing character: There is no m in font nullfont!
Missing character: There is no n in font nullfont!
Missing character: There is no [ in font nullfont!
Missing character: There is no t in font nullfont!
Missing character: There is no r in font nullfont!
Missing character: There is no u in font nullfont!
Missing character: There is no e in font nullfont!
Missing character: There is no ] in font nullfont!
C:\Users\inorpoth\AppData\Local\Programs\MiKTeX\tex/latex/koma-script\scrbook.c
ls:703: Illegal parameter number in definition of \opt@typearea.sty.
<to be read again> 
                   1
l.703 }
       
You meant to type ## instead of #, right?
Or maybe a } was forgotten somewhere earlier, and things
are all screwed up? I'm going to assume that you meant ##.

C:\Users\inorpoth\AppData\Local\Programs\MiKTeX\tex/latex/koma-script\scrbook.c
ls:703: Illegal parameter number in definition of \opt@typearea.sty.
<to be read again> 
                   1
l.703 }
       
You meant to type ## instead of #, right?
Or maybe a } was forgotten somewhere earlier, and things
are all screwed up? I'm going to assume that you meant ##.

C:\Users\inorpoth\AppData\Local\Programs\MiKTeX\tex/latex/koma-script\scrbook.c
ls:703: Illegal parameter number in definition of \reserved@a.
<to be read again> 
                   1
l.703 }
       
You meant to type ## instead of #, right?
Or maybe a } was forgotten somewhere earlier, and things
are all screwed up? I'm going to assume that you meant ##.

C:\Users\inorpoth\AppData\Local\Programs\MiKTeX\tex/latex/koma-script\scrbook.c
ls:703: Illegal parameter number in definition of \reserved@a.
<to be read again> 
                   1
l.703 }
       
You meant to type ## instead of #, right?
Or maybe a } was forgotten somewhere earlier, and things
are all screwed up? I'm going to assume that you meant ##.

C:\Users\inorpoth\AppData\Local\Programs\MiKTeX\tex/latex/koma-script\scrbook.c
ls:703: Illegal parameter number in definition of \reserved@a.
<to be read again> 
                   1
l.703 }
       
You meant to type ## instead of #, right?
Or maybe a } was forgotten somewhere earlier, and things
are all screwed up? I'm going to assume that you meant ##.

C:\Users\inorpoth\AppData\Local\Programs\MiKTeX\tex/latex/koma-script\scrbook.c
ls:703: Illegal parameter number in definition of \reserved@a.
<to be read again> 
                   1
l.703 }
       
You meant to type ## instead of #, right?
Or maybe a } was forgotten somewhere earlier, and things
are all screwed up? I'm going to assume that you meant ##.

C:\Users\inorpoth\AppData\Local\Programs\MiKTeX\tex/latex/koma-script\scrbook.c
ls:703: Illegal parameter number in definition of \reserved@a.
<to be read again> 
                   1
l.703 }
       
You meant to type ## instead of #, right?
Or maybe a } was forgotten somewhere earlier, and things
are all screwed up? I'm going to assume that you meant ##.

C:\Users\inorpoth\AppData\Local\Programs\MiKTeX\tex/latex/koma-script\scrbook.c
ls:703: Illegal parameter number in definition of \reserved@a.
<to be read again> 
                   1
l.703 }
       
You meant to type ## instead of #, right?
Or maybe a } was forgotten somewhere earlier, and things
are all screwed up? I'm going to assume that you meant ##.

C:\Users\inorpoth\AppData\Local\Programs\MiKTeX\tex/latex/koma-script\scrbook.c
ls:703: Illegal parameter number in definition of \reserved@a.
<to be read again> 
                   1
l.703 }
       
You meant to type ## instead of #, right?
Or maybe a } was forgotten somewhere earlier, and things
are all screwed up? I'm going to assume that you meant ##.


C:\Users\inorpoth\AppData\Local\Programs\MiKTeX\tex/latex/koma-script\scrbook.c
ls:710: Package scrbase Error: unknown option `twocolumn=false'.

See the scrbase package documentation for explanation.
Type  H <return>  for immediate help.
 ...                                              
                                                  
l.710 \KOMAExecuteOptions{twocolumn=false}
                                          
Member `.scrbook.cls' of family `KOMA'
cannot handle option `twocolumn'.
So it cannot be set to value `false'.


C:\Users\inorpoth\AppData\Local\Programs\MiKTeX\tex/latex/koma-script\scrbook.c
ls:710: Package scrbase Error: unknown option `twocolumn=false'.

See the scrbase package documentation for explanation.
Type  H <return>  for immediate help.
 ...                                              
                                                  
l.710 \KOMAExecuteOptions{twocolumn=false}
                                          
Option `twocolumn'
cannot handle value
`false',
because \xdef {enablepatch}. 

C:\Users\inorpoth\AppData\Local\Programs\MiKTeX\tex/latex/koma-script\scrbook.c
ls:937: Undefined control sequence.
<argument> \define@key 
                       {KOMA.scrbook.cls}{parskip}[{true}]{\def \FamilyOfKey...
l.937 }
       
The control sequence at the end of the top line
of your error message was never \def'ed. If you have
misspelled it (e.g., `\hobx'), type `I' and the correct
spelling (e.g., `I\hbox'). Otherwise just continue,
and I'll forget about whatever was undefined.

Missing character: There is no K in font nullfont!
Missing character: There is no O in font nullfont!
Missing character: There is no M in font nullfont!
Missing character: There is no A in font nullfont!
Missing character: There is no . in font nullfont!
Missing character: There is no s in font nullfont!
Missing character: There is no c in font nullfont!
Missing character: There is no r in font nullfont!
Missing character: There is no b in font nullfont!
Missing character: There is no o in font nullfont!
Missing character: There is no o in font nullfont!
Missing character: There is no k in font nullfont!
Missing character: There is no . in font nullfont!
Missing character: There is no c in font nullfont!
Missing character: There is no l in font nullfont!
Missing character: There is no s in font nullfont!
Missing character: There is no p in font nullfont!
Missing character: There is no a in font nullfont!
Missing character: There is no r in font nullfont!
Missing character: There is no s in font nullfont!
Missing character: There is no k in font nullfont!
Missing character: There is no i in font nullfont!
Missing character: There is no p in font nullfont!
Missing character: There is no [ in font nullfont!
Missing character: There is no t in font nullfont!
Missing character: There is no r in font nullfont!
Missing character: There is no u in font nullfont!
Missing character: There is no e in font nullfont!
Missing character: There is no ] in font nullfont!
C:\Users\inorpoth\AppData\Local\Programs\MiKTeX\tex/latex/koma-script\scrbook.c
ls:937: Illegal parameter number in definition of \@searched.
<to be read again> 
                   1
l.937 }
       
You meant to type ## instead of #, right?
Or maybe a } was forgotten somewhere earlier, and things
are all screwed up? I'm going to assume that you meant ##.

C:\Users\inorpoth\AppData\Local\Programs\MiKTeX\tex/latex/koma-script\scrbook.c
ls:937: Illegal parameter number in definition of \reserved@a.
<to be read again> 
                   1
l.937 }
       
You meant to type ## instead of #, right?
Or maybe a } was forgotten somewhere earlier, and things
are all screwed up? I'm going to assume that you meant ##.

C:\Users\inorpoth\AppData\Local\Programs\MiKTeX\tex/latex/koma-script\scrbook.c
ls:974: Undefined control sequence.
<argument> \define@key 
                       {KOMA.scrbook.cls}{titlepage}[{true}]{\def \FamilyOfK...
l.974 }
       
The control sequence at the end of the top line
of your error message was never \def'ed. If you have
misspelled it (e.g., `\hobx'), type `I' and the correct
spelling (e.g., `I\hbox'). Otherwise just continue,
and I'll forget about whatever was undefined.

Missing character: There is no K in font nullfont!
Missing character: There is no O in font nullfont!
Missing character: There is no M in font nullfont!
Missing character: There is no A in font nullfont!
Missing character: There is no . in font nullfont!
Missing character: There is no s in font nullfont!
Missing character: There is no c in font nullfont!
Missing character: There is no r in font nullfont!
Missing character: There is no b in font nullfont!
Missing character: There is no o in font nullfont!
Missing character: There is no o in font nullfont!
Missing character: There is no k in font nullfont!
Missing character: There is no . in font nullfont!
Missing character: There is no c in font nullfont!
Missing character: There is no l in font nullfont!
Missing character: There is no s in font nullfont!
Missing character: There is no t in font nullfont!
Missing character: There is no i in font nullfont!
Missing character: There is no t in font nullfont!
Missing character: There is no l in font nullfont!
Missing character: There is no e in font nullfont!
Missing character: There is no p in font nullfont!
Missing character: There is no a in font nullfont!
Missing character: There is no g in font nullfont!
Missing character: There is no e in font nullfont!
Missing character: There is no [ in font nullfont!
Missing character: There is no t in font nullfont!
Missing character: There is no r in font nullfont!
Missing character: There is no u in font nullfont!
Missing character: There is no e in font nullfont!
Missing character: There is no ] in font nullfont!
C:\Users\inorpoth\AppData\Local\Programs\MiKTeX\tex/latex/koma-script\scrbook.c
ls:974: Illegal parameter number in definition of \reserved@a.
<to be read again> 
                   1
l.974 }
       
You meant to type ## instead of #, right?
Or maybe a } was forgotten somewhere earlier, and things
are all screwed up? I'm going to assume that you meant ##.

C:\Users\inorpoth\AppData\Local\Programs\MiKTeX\tex/latex/koma-script\scrbook.c
ls:974: Illegal parameter number in definition of \reserved@a.
<to be read again> 
                   1
l.974 }
       
You meant to type ## instead of #, right?
Or maybe a } was forgotten somewhere earlier, and things
are all screwed up? I'm going to assume that you meant ##.

C:\Users\inorpoth\AppData\Local\Programs\MiKTeX\tex/latex/koma-script\scrbook.c
ls:974: Illegal parameter number in definition of \reserved@a.
<to be read again> 
                   1
l.974 }
       
You meant to type ## instead of #, right?
Or maybe a } was forgotten somewhere earlier, and things
are all screwed up? I'm going to assume that you meant ##.

C:\Users\inorpoth\AppData\Local\Programs\MiKTeX\tex/latex/koma-script\scrbook.c
ls:974: Illegal parameter number in definition of \reserved@a.
<to be read again> 
                   1
l.974 }
       
You meant to type ## instead of #, right?
Or maybe a } was forgotten somewhere earlier, and things
are all screwed up? I'm going to assume that you meant ##.

C:\Users\inorpoth\AppData\Local\Programs\MiKTeX\tex/latex/koma-script\scrbook.c
ls:974: Illegal parameter number in definition of \reserved@a.
<to be read again> 
                   1
l.974 }
       
You meant to type ## instead of #, right?
Or maybe a } was forgotten somewhere earlier, and things
are all screwed up? I'm going to assume that you meant ##.

C:\Users\inorpoth\AppData\Local\Programs\MiKTeX\tex/latex/koma-script\scrbook.c
ls:974: Illegal parameter number in definition of \reserved@a.
<to be read again> 
                   1
l.974 }
       
You meant to type ## instead of #, right?
Or maybe a } was forgotten somewhere earlier, and things
are all screwed up? I'm going to assume that you meant ##.

C:\Users\inorpoth\AppData\Local\Programs\MiKTeX\tex/latex/koma-script\scrbook.c
ls:974: Illegal parameter number in definition of \reserved@a.
<to be read again> 
                   1
l.974 }
       
You meant to type ## instead of #, right?
Or maybe a } was forgotten somewhere earlier, and things
are all screwed up? I'm going to assume that you meant ##.

C:\Users\inorpoth\AppData\Local\Programs\MiKTeX\tex/latex/koma-script\scrbook.c
ls:974: Illegal parameter number in definition of \reserved@a.
<to be read again> 
                   1
l.974 }
       
You meant to type ## instead of #, right?
Or maybe a } was forgotten somewhere earlier, and things
are all screwed up? I'm going to assume that you meant ##.

C:\Users\inorpoth\AppData\Local\Programs\MiKTeX\tex/latex/koma-script\scrbook.c
ls:1009: Undefined control sequence.
<argument> \define@key 
                       {KOMA.scrbook.cls}{open}{\def \FamilyOfKey {KOMA}\def...
l.1009 }
        
The control sequence at the end of the top line
of your error message was never \def'ed. If you have
misspelled it (e.g., `\hobx'), type `I' and the correct
spelling (e.g., `I\hbox'). Otherwise just continue,
and I'll forget about whatever was undefined.

Missing character: There is no K in font nullfont!
Missing character: There is no O in font nullfont!
Missing character: There is no M in font nullfont!
Missing character: There is no A in font nullfont!
Missing character: There is no . in font nullfont!
Missing character: There is no s in font nullfont!
Missing character: There is no c in font nullfont!
Missing character: There is no r in font nullfont!
Missing character: There is no b in font nullfont!
Missing character: There is no o in font nullfont!
Missing character: There is no o in font nullfont!
Missing character: There is no k in font nullfont!
Missing character: There is no . in font nullfont!
Missing character: There is no c in font nullfont!
Missing character: There is no l in font nullfont!
Missing character: There is no s in font nullfont!
Missing character: There is no o in font nullfont!
Missing character: There is no p in font nullfont!
Missing character: There is no e in font nullfont!
Missing character: There is no n in font nullfont!
C:\Users\inorpoth\AppData\Local\Programs\MiKTeX\tex/latex/koma-script\scrbook.c
ls:1009: Illegal parameter number in definition of \@searched.
<to be read again> 
                   1
l.1009 }
        
You meant to type ## instead of #, right?
Or maybe a } was forgotten somewhere earlier, and things
are all screwed up? I'm going to assume that you meant ##.

C:\Users\inorpoth\AppData\Local\Programs\MiKTeX\tex/latex/koma-script\scrbook.c
ls:1009: Illegal parameter number in definition of \reserved@a.
<to be read again> 
                   1
l.1009 }
        
You meant to type ## instead of #, right?
Or maybe a } was forgotten somewhere earlier, and things
are all screwed up? I'm going to assume that you meant ##.

C:\Users\inorpoth\AppData\Local\Programs\MiKTeX\tex/latex/koma-script\scrbook.c
ls:1036: Undefined control sequence.
<argument> \define@key 
                       {KOMA.scrbook.cls}{numbers}{\def \FamilyOfKey {KOMA}\...
l.1036 }
        
The control sequence at the end of the top line
of your error message was never \def'ed. If you have
misspelled it (e.g., `\hobx'), type `I' and the correct
spelling (e.g., `I\hbox'). Otherwise just continue,
and I'll forget about whatever was undefined.

Missing character: There is no K in font nullfont!
Missing character: There is no O in font nullfont!
Missing character: There is no M in font nullfont!
Missing character: There is no A in font nullfont!
Missing character: There is no . in font nullfont!
Missing character: There is no s in font nullfont!
Missing character: There is no c in font nullfont!
Missing character: There is no r in font nullfont!
Missing character: There is no b in font nullfont!
Missing character: There is no o in font nullfont!
Missing character: There is no o in font nullfont!
Missing character: There is no k in font nullfont!
Missing character: There is no . in font nullfont!
Missing character: There is no c in font nullfont!
Missing character: There is no l in font nullfont!
Missing character: There is no s in font nullfont!
Missing character: There is no n in font nullfont!
Missing character: There is no u in font nullfont!
Missing character: There is no m in font nullfont!
Missing character: There is no b in font nullfont!
Missing character: There is no e in font nullfont!
Missing character: There is no r in font nullfont!
Missing character: There is no s in font nullfont!
C:\Users\inorpoth\AppData\Local\Programs\MiKTeX\tex/latex/koma-script\scrbook.c
ls:1036: Illegal parameter number in definition of \@searched.
<to be read again> 
                   1
l.1036 }
        
You meant to type ## instead of #, right?
Or maybe a } was forgotten somewhere earlier, and things
are all screwed up? I'm going to assume that you meant ##.

C:\Users\inorpoth\AppData\Local\Programs\MiKTeX\tex/latex/koma-script\scrbook.c
ls:1036: Illegal parameter number in definition of \reserved@a.
<to be read again> 
                   1
l.1036 }
        
You meant to type ## instead of #, right?
Or maybe a } was forgotten somewhere earlier, and things
are all screwed up? I'm going to assume that you meant ##.

C:\Users\inorpoth\AppData\Local\Programs\MiKTeX\tex/latex/koma-script\scrbook.c
ls:1039: Undefined control sequence.
<argument> \define@key 
                       {KOMA.scrbook.cls}{bookmarkpackage}[{true}]{\def \Fam...
l.1039 ...rkpackage}{@scr@autoloadbookmarkpackage}
                                                  
The control sequence at the end of the top line
of your error message was never \def'ed. If you have
misspelled it (e.g., `\hobx'), type `I' and the correct
spelling (e.g., `I\hbox'). Otherwise just continue,
and I'll forget about whatever was undefined.

Missing character: There is no K in font nullfont!
Missing character: There is no O in font nullfont!
Missing character: There is no M in font nullfont!
Missing character: There is no A in font nullfont!
Missing character: There is no . in font nullfont!
Missing character: There is no s in font nullfont!
Missing character: There is no c in font nullfont!
Missing character: There is no r in font nullfont!
Missing character: There is no b in font nullfont!
Missing character: There is no o in font nullfont!
Missing character: There is no o in font nullfont!
Missing character: There is no k in font nullfont!
Missing character: There is no . in font nullfont!
Missing character: There is no c in font nullfont!
Missing character: There is no l in font nullfont!
Missing character: There is no s in font nullfont!
Missing character: There is no b in font nullfont!
Missing character: There is no o in font nullfont!
Missing character: There is no o in font nullfont!
Missing character: There is no k in font nullfont!
Missing character: There is no m in font nullfont!
Missing character: There is no a in font nullfont!
Missing character: There is no r in font nullfont!
Missing character: There is no k in font nullfont!
Missing character: There is no p in font nullfont!
Missing character: There is no a in font nullfont!
Missing character: There is no c in font nullfont!
Missing character: There is no k in font nullfont!
Missing character: There is no a in font nullfont!
Missing character: There is no g in font nullfont!
Missing character: There is no e in font nullfont!
Missing character: There is no [ in font nullfont!
Missing character: There is no t in font nullfont!
Missing character: There is no r in font nullfont!
Missing character: There is no u in font nullfont!
Missing character: There is no e in font nullfont!
Missing character: There is no ] in font nullfont!
C:\Users\inorpoth\AppData\Local\Programs\MiKTeX\tex/latex/koma-script\scrbook.c
ls:1039: Illegal parameter number in definition of \reserved@a.
<to be read again> 
                   1
l.1039 ...rkpackage}{@scr@autoloadbookmarkpackage}
                                                  
You meant to type ## instead of #, right?
Or maybe a } was forgotten somewhere earlier, and things
are all screwed up? I'm going to assume that you meant ##.

C:\Users\inorpoth\AppData\Local\Programs\MiKTeX\tex/latex/koma-script\scrbook.c
ls:1039: Illegal parameter number in definition of \reserved@a.
<to be read again> 
                   1
l.1039 ...rkpackage}{@scr@autoloadbookmarkpackage}
                                                  
You meant to type ## instead of #, right?
Or maybe a } was forgotten somewhere earlier, and things
are all screwed up? I'm going to assume that you meant ##.

C:\Users\inorpoth\AppData\Local\Programs\MiKTeX\tex/latex/koma-script\scrbook.c
ls:1039: Illegal parameter number in definition of \reserved@a.
<to be read again> 
                   1
l.1039 ...rkpackage}{@scr@autoloadbookmarkpackage}
                                                  
You meant to type ## instead of #, right?
Or maybe a } was forgotten somewhere earlier, and things
are all screwed up? I'm going to assume that you meant ##.

C:\Users\inorpoth\AppData\Local\Programs\MiKTeX\tex/latex/koma-script\scrbook.c
ls:1039: Illegal parameter number in definition of \reserved@a.
<to be read again> 
                   1
l.1039 ...rkpackage}{@scr@autoloadbookmarkpackage}
                                                  
You meant to type ## instead of #, right?
Or maybe a } was forgotten somewhere earlier, and things
are all screwed up? I'm going to assume that you meant ##.

C:\Users\inorpoth\AppData\Local\Programs\MiKTeX\tex/latex/koma-script\scrbook.c
ls:1039: Illegal parameter number in definition of \reserved@a.
<to be read again> 
                   1
l.1039 ...rkpackage}{@scr@autoloadbookmarkpackage}
                                                  
You meant to type ## instead of #, right?
Or maybe a } was forgotten somewhere earlier, and things
are all screwed up? I'm going to assume that you meant ##.

C:\Users\inorpoth\AppData\Local\Programs\MiKTeX\tex/latex/koma-script\scrbook.c
ls:1039: Illegal parameter number in definition of \reserved@a.
<to be read again> 
                   1
l.1039 ...rkpackage}{@scr@autoloadbookmarkpackage}
                                                  
You meant to type ## instead of #, right?
Or maybe a } was forgotten somewhere earlier, and things
are all screwed up? I'm going to assume that you meant ##.

C:\Users\inorpoth\AppData\Local\Programs\MiKTeX\tex/latex/koma-script\scrbook.c
ls:1039: Illegal parameter number in definition of \reserved@a.
<to be read again> 
                   1
l.1039 ...rkpackage}{@scr@autoloadbookmarkpackage}
                                                  
You meant to type ## instead of #, right?
Or maybe a } was forgotten somewhere earlier, and things
are all screwed up? I'm going to assume that you meant ##.

C:\Users\inorpoth\AppData\Local\Programs\MiKTeX\tex/latex/koma-script\scrbook.c
ls:1164: Undefined control sequence.
<argument> \define@key 
                       {KOMA.scrbook.cls}{chapterprefix}[{true}]{\def \Famil...
l.1164 }
        
The control sequence at the end of the top line
of your error message was never \def'ed. If you have
misspelled it (e.g., `\hobx'), type `I' and the correct
spelling (e.g., `I\hbox'). Otherwise just continue,
and I'll forget about whatever was undefined.

Missing character: There is no K in font nullfont!
Missing character: There is no O in font nullfont!
Missing character: There is no M in font nullfont!
Missing character: There is no A in font nullfont!
Missing character: There is no . in font nullfont!
Missing character: There is no s in font nullfont!
Missing character: There is no c in font nullfont!
Missing character: There is no r in font nullfont!
Missing character: There is no b in font nullfont!
Missing character: There is no o in font nullfont!
Missing character: There is no o in font nullfont!
Missing character: There is no k in font nullfont!
Missing character: There is no . in font nullfont!
Missing character: There is no c in font nullfont!
Missing character: There is no l in font nullfont!
Missing character: There is no s in font nullfont!
Missing character: There is no c in font nullfont!
Missing character: There is no h in font nullfont!
Missing character: There is no a in font nullfont!
Missing character: There is no p in font nullfont!
Missing character: There is no t in font nullfont!
Missing character: There is no e in font nullfont!
Missing character: There is no r in font nullfont!
Missing character: There is no p in font nullfont!
Missing character: There is no r in font nullfont!
Missing character: There is no e in font nullfont!
Missing character: There is no f in font nullfont!
Missing character: There is no i in font nullfont!
Missing character: There is no x in font nullfont!
Missing character: There is no [ in font nullfont!
Missing character: There is no t in font nullfont!
Missing character: There is no r in font nullfont!
Missing character: There is no u in font nullfont!
Missing character: There is no e in font nullfont!
Missing character: There is no ] in font nullfont!
C:\Users\inorpoth\AppData\Local\Programs\MiKTeX\tex/latex/koma-script\scrbook.c
ls:1164: Illegal parameter number in definition of \reserved@a.
<to be read again> 
                   1
l.1164 }
        
You meant to type ## instead of #, right?
Or maybe a } was forgotten somewhere earlier, and things
are all screwed up? I'm going to assume that you meant ##.

C:\Users\inorpoth\AppData\Local\Programs\MiKTeX\tex/latex/koma-script\scrbook.c
ls:1164: Illegal parameter number in definition of \reserved@a.
<to be read again> 
                   1
l.1164 }
        
You meant to type ## instead of #, right?
Or maybe a } was forgotten somewhere earlier, and things
are all screwed up? I'm going to assume that you meant ##.

C:\Users\inorpoth\AppData\Local\Programs\MiKTeX\tex/latex/koma-script\scrbook.c
ls:1164: Illegal parameter number in definition of \reserved@a.
<to be read again> 
                   1
l.1164 }
        
You meant to type ## instead of #, right?
Or maybe a } was forgotten somewhere earlier, and things
are all screwed up? I'm going to assume that you meant ##.

C:\Users\inorpoth\AppData\Local\Programs\MiKTeX\tex/latex/koma-script\scrbook.c
ls:1164: Illegal parameter number in definition of \reserved@a.
<to be read again> 
                   1
l.1164 }
        
You meant to type ## instead of #, right?
Or maybe a } was forgotten somewhere earlier, and things
are all screwed up? I'm going to assume that you meant ##.

C:\Users\inorpoth\AppData\Local\Programs\MiKTeX\tex/latex/koma-script\scrbook.c
ls:1164: Illegal parameter number in definition of \reserved@a.
<to be read again> 
                   1
l.1164 }
        
You meant to type ## instead of #, right?
Or maybe a } was forgotten somewhere earlier, and things
are all screwed up? I'm going to assume that you meant ##.

C:\Users\inorpoth\AppData\Local\Programs\MiKTeX\tex/latex/koma-script\scrbook.c
ls:1164: Illegal parameter number in definition of \reserved@a.
<to be read again> 
                   1
l.1164 }
        
You meant to type ## instead of #, right?
Or maybe a } was forgotten somewhere earlier, and things
are all screwed up? I'm going to assume that you meant ##.

C:\Users\inorpoth\AppData\Local\Programs\MiKTeX\tex/latex/koma-script\scrbook.c
ls:1164: Illegal parameter number in definition of \reserved@a.
<to be read again> 
                   1
l.1164 }
        
You meant to type ## instead of #, right?
Or maybe a } was forgotten somewhere earlier, and things
are all screwed up? I'm going to assume that you meant ##.

C:\Users\inorpoth\AppData\Local\Programs\MiKTeX\tex/latex/koma-script\scrbook.c
ls:1196: Undefined control sequence.
<argument> \define@key 
                       {KOMA.scrbook.cls}{appendixprefix}[{true}]{\def \Fami...
l.1196 }
        %
(That makes 100 errors; please try again.) 
Here is how much of TeX's memory you used:
 8409 strings out of 467871
 137748 string characters out of 5416924
 544619 words of memory out of 5000000
 37260 multiletter control sequences out of 15000+600000
 627721 words of font info for 40 fonts, out of 8000000 for 9000
 1141 hyphenation exceptions out of 8191
 121i,0n,121p,310b,7131s stack positions out of 10000i,1000n,20000p,200000b,200000s

C:\Users\inorpoth\AppData\Local\Programs\MiKTeX\tex/latex/koma-script\scrbook.c
ls:1196:  ==> Fatal error occurred, no output PDF file produced!
